version_key,app_id,app_version,version_release_date
1,com.soundcloud.android,2025.02.17-release,2025-02-20 00:00:00
2,com.soundcloud.android,2025.01.30-release,2025-02-20 00:00:00
3,com.soundcloud.android,2025.02.18-release,2025-02-20 00:00:00
4,com.soundcloud.android,2024.05.28-release,2025-02-20 00:00:00
5,com.soundcloud.android,2024.11.13-release,2025-02-20 00:00:00
6,com.soundcloud.android,2025.01.07-release,2025-02-20 00:00:00
7,com.soundcloud.android,2024.09.30-release,2025-02-21 00:00:00
8,com.soundcloud.android,2022.01.13-release,2025-02-22 00:00:00
9,com.soundcloud.android,2024.12.10-release,2025-02-23 00:00:00
10,com.soundcloud.android,2025.01.22-release,2025-02-23 00:00:00
11,com.soundcloud.android,2024.10.21-release,2025-02-24 00:00:00
12,com.soundcloud.android,2024.11.20-release,2025-02-24 00:00:00
13,com.soundcloud.android,2024.11.07-wear-release,2025-02-24 00:00:00
14,com.soundcloud.android,2024.06.17-wear-release,2025-02-26 00:00:00
15,com.soundcloud.android,2022.12.05-release,2025-02-26 00:00:00
16,com.soundcloud.android,2025.02.25-release,2025-02-27 00:00:00
17,com.soundcloud.android,2024.09.20-release,2025-02-27 00:00:00
18,com.soundcloud.android,2018.10.09-release,2025-02-28 00:00:00
19,com.soundcloud.android,2023.11.28-release,2025-03-01 00:00:00
20,com.soundcloud.android,2024.06.21-tv-release,2025-03-02 00:00:00
21,com.soundcloud.android,2025.03.03-release,2025-03-04 00:00:00
22,com.soundcloud.android,2023.03.17-release,2025-03-04 00:00:00
23,com.soundcloud.android,2020.12.18-release,2025-03-04 00:00:00
24,com.soundcloud.android,2024.10.29-release,2025-03-05 00:00:00
25,com.soundcloud.android,2016.04.20-release,2025-03-05 00:00:00
26,com.soundcloud.android,2024.05.17-release,2025-03-06 00:00:00
27,com.soundcloud.android,2022.01.28-release,2025-03-07 00:00:00
28,com.soundcloud.android,2024.08.01-release,2025-03-08 00:00:00
29,com.soundcloud.android,2022.02.21-release,2025-03-08 00:00:00
30,com.soundcloud.android,2024.09.16-release,2025-03-09 00:00:00
31,com.soundcloud.android,2023.10.27-release,2025-03-10 00:00:00
32,com.soundcloud.android,2023.03.31-release,2025-03-10 00:00:00
33,com.soundcloud.android,2021.08.11-release,2025-03-12 00:00:00
34,com.soundcloud.android,2023.07.31-release,2025-03-12 00:00:00
35,com.soundcloud.android,2024.04.03-release,2025-03-12 00:00:00
36,com.soundcloud.android,2024.05.02-release,2025-03-17 00:00:00
37,com.soundcloud.android,2024.11.07-release,2025-03-17 00:00:00
38,com.soundcloud.android,2025.03.17-release,2025-03-19 00:00:00
39,com.soundcloud.android,2024.01.23-release,2025-03-23 00:00:00
40,com.soundcloud.android,2024.04.22-release,2025-03-23 00:00:00
41,com.soundcloud.android,2023.06.16-release,2025-03-24 00:00:00
42,com.soundcloud.android,2019.04.30-release,2025-03-24 00:00:00
43,com.soundcloud.android,2023.06.27-release,2025-03-24 00:00:00
44,com.soundcloud.android,2023.09.06-release,2025-03-25 00:00:00
45,com.soundcloud.android,2025.03.25-release,2025-03-28 00:00:00
46,com.soundcloud.android,2024.10.16-release,2025-04-03 00:00:00
47,com.soundcloud.android,2024.07.22-release,2025-04-04 00:00:00
48,com.soundcloud.android,2022.07.26-release,2025-04-05 00:00:00
49,com.soundcloud.android,2020.10.01-release,2025-04-06 00:00:00
50,com.soundcloud.android,2022.01.20-release,2025-04-08 00:00:00
51,com.soundcloud.android,2022.03.04-release,2025-04-10 00:00:00
52,com.soundcloud.android,2025.04.03-release,2025-04-11 00:00:00
53,com.soundcloud.android,2024.07.01-release,2025-04-12 00:00:00
54,com.soundcloud.android,2019.04.16-release,2025-04-13 00:00:00
55,com.soundcloud.android,2023.02.16-release,2025-04-14 00:00:00
56,com.soundcloud.android,2024.06.25-beta,2025-04-15 00:00:00
57,com.soundcloud.android,2020.07.15-release,2025-04-19 00:00:00
58,com.soundcloud.android,2020.09.22-release,2025-04-21 00:00:00
59,com.soundcloud.android,2022.10.10-release,2025-04-23 00:00:00
60,com.soundcloud.android,2025.02.13-release,2025-04-24 00:00:00
61,com.soundcloud.android,2023.01.05-release,2025-04-24 00:00:00
62,com.soundcloud.android,2025.04.24-release,2025-04-25 00:00:00
63,com.soundcloud.android,2024.02.13-release,2025-04-25 00:00:00
64,com.soundcloud.android,2024.08.22-release,2025-04-26 00:00:00
65,com.soundcloud.android,2022.05.02-release,2025-04-26 00:00:00
66,com.soundcloud.android,2021.02.08-release,2025-04-27 00:00:00
67,com.soundcloud.android,2024.07.09-release,2025-04-28 00:00:00
68,com.soundcloud.android,2021.04.08-release,2025-04-30 00:00:00
69,com.soundcloud.android,2020.07.28-release,2025-05-01 00:00:00
70,com.soundcloud.android,2021.11.01-release,2025-05-01 00:00:00
71,com.soundcloud.android,2020.06.03-release,2025-05-01 00:00:00
72,com.soundcloud.android,2024.01.08-release,2025-05-01 00:00:00
73,com.soundcloud.android,2021.03.30-release,2025-05-02 00:00:00
74,com.soundcloud.android,2025.04.30-release,2025-05-02 00:00:00
75,com.soundcloud.android,2018.07.30-release,2025-05-03 00:00:00
76,com.soundcloud.android,2021.02.01-release,2025-05-03 00:00:00
77,com.soundcloud.android,2023.05.02-release,2025-05-04 00:00:00
78,com.soundcloud.android,2023.07.18-release,2025-05-04 00:00:00
79,com.soundcloud.android,2020.07.06-release,2025-05-06 00:00:00
80,com.soundcloud.android,2022.05.24-release,2025-05-07 00:00:00
81,com.soundcloud.android,2025.04.30-beta,2025-05-08 00:00:00
82,com.soundcloud.android,2025.05.07-release,2025-05-08 00:00:00
83,com.soundcloud.android,2021.09.03-release,2025-05-08 00:00:00
84,com.soundcloud.android,2021.12.15-release,2025-05-09 00:00:00
85,com.soundcloud.android,2024.06.18-release,2025-05-10 00:00:00
86,com.soundcloud.android,2020.06.08-release,2025-05-12 00:00:00
87,com.soundcloud.android,2024.05.22-release,2025-05-13 00:00:00
88,com.soundcloud.android,2025.05.13-release,2025-05-14 00:00:00
89,com.soundcloud.android,2021.02.01-beta,2025-05-17 00:00:00
90,com.soundcloud.android,2017.02.22-release,2025-05-20 00:00:00
91,com.soundcloud.android,2024.09.05-release,2025-05-20 00:00:00
92,com.soundcloud.android,2025.05.19-release,2025-05-20 00:00:00
93,com.soundcloud.android,2021.05.21-release,2025-05-21 00:00:00
94,com.soundcloud.android,2022.11.10-release,2025-05-22 00:00:00
95,com.soundcloud.android,2023.10.02-release,2025-05-23 00:00:00
96,com.soundcloud.android,2017.05.08-release,2025-05-25 00:00:00
97,com.soundcloud.android,2022.02.28-release,2025-05-25 00:00:00
98,com.soundcloud.android,2025.05.27-release,2025-05-29 00:00:00
99,com.soundcloud.android,2021.05.18-release,2025-05-29 00:00:00
100,com.soundcloud.android,2023.03.03-release,2025-05-31 00:00:00
101,com.soundcloud.android,2020.01.20-release,2025-05-31 00:00:00
102,com.soundcloud.android,2024.03.18-release,2025-06-04 00:00:00
103,com.soundcloud.android,2020.01.02-release,2025-06-05 00:00:00
104,com.soundcloud.android,2025.05.29-release,2025-06-06 00:00:00
105,com.soundcloud.android,2022.04.25-release,2025-06-07 00:00:00
106,com.soundcloud.android,2022.06.15-release,2025-06-08 00:00:00
107,com.soundcloud.android,2024.12.04-release,2025-06-11 00:00:00
108,com.soundcloud.android,2021.08.05-release,2025-06-11 00:00:00
109,com.soundcloud.android,2022.03.29-release,2025-06-12 00:00:00
110,com.soundcloud.android,2025.06.13-release,2025-06-17 00:00:00
111,com.soundcloud.android,2021.09.10-release,2025-06-21 00:00:00
112,com.soundcloud.android,2025.06.20-release,2025-06-23 00:00:00
113,com.soundcloud.android,2024.09.10-wear-release,2025-06-30 00:00:00
114,com.soundcloud.android,2024.01.19-tv-release,2025-06-30 00:00:00
115,com.soundcloud.android,2024.02.26-release,2025-07-02 00:00:00
116,com.soundcloud.android,2020.05.13-release,2025-07-03 00:00:00
117,com.soundcloud.android,2025.07.07-release,2025-07-08 00:00:00
118,com.soundcloud.android,2025.07.08-release,2025-07-09 00:00:00
119,com.soundcloud.android,2023.08.24-release,2025-07-12 00:00:00
120,com.soundcloud.android,2025.07.08-beta,2025-07-13 00:00:00
121,com.soundcloud.android,2020.10.22-release,2025-07-14 00:00:00
122,com.soundcloud.android,2023.10.30-release,2025-07-14 00:00:00
123,com.soundcloud.android,2025.07.07-wear-release,2025-07-16 00:00:00
124,com.soundcloud.android,2025.07.14-release,2025-07-17 00:00:00
125,com.soundcloud.android,2022.06.27-release,2025-07-20 00:00:00
126,com.soundcloud.android,2020.10.13-release,2025-07-23 00:00:00
127,com.soundcloud.android,2025.07.21-wear-release,2025-07-25 00:00:00
128,com.soundcloud.android,14.12.18-43,2025-07-26 00:00:00
129,com.soundcloud.android,2022.04.07-release,2025-07-28 00:00:00
130,com.soundcloud.android,2023.09.04-release,2025-07-28 00:00:00
131,com.soundcloud.android,2017.04.07-release,2025-07-29 00:00:00
132,com.soundcloud.android,2025.07.24-release,2025-07-30 00:00:00
133,com.soundcloud.android,2021.12.06-release,2025-08-01 00:00:00
134,com.soundcloud.android,2021.05.10-release,2025-08-02 00:00:00
135,com.soundcloud.android,2023.09.29-release,2025-08-04 00:00:00
136,com.soundcloud.android,2025.07.31-release,2025-08-04 00:00:00
137,com.soundcloud.android,2022.06.07-release,2025-08-05 00:00:00
138,com.soundcloud.android,2022.09.28-release,2025-08-07 00:00:00
139,com.soundcloud.android,2023.05.30-release,2025-08-13 00:00:00
140,com.soundcloud.android,2025.08.11-release,2025-08-13 00:00:00
141,com.soundcloud.android,2023.02.07-release,2025-08-17 00:00:00
142,com.soundcloud.android,2025.08.14-beta,2025-08-17 00:00:00
143,com.soundcloud.android,2025.08.14-release,2025-08-18 00:00:00
144,com.soundcloud.android,2024.08.19-release,2025-08-20 00:00:00
145,com.soundcloud.android,2024.06.25-release,2025-08-23 00:00:00
146,com.soundcloud.android,2025.08.21-release,2025-08-25 00:00:00
147,com.soundcloud.android,2020.09.03-release,2025-08-26 00:00:00
148,com.soundcloud.android,2023.02.24-release,2025-08-31 00:00:00
149,com.soundcloud.android,2025.08.28-release,2025-09-03 00:00:00
150,com.soundcloud.android,2025.08.21-beta,2025-09-04 00:00:00
151,com.soundcloud.android,2025.09.04-release,2025-09-09 00:00:00
152,com.soundcloud.android,2025.09.12-release,2025-09-16 00:00:00
153,com.soundcloud.android,2016.01.19-release,2025-09-20 00:00:00
154,com.soundcloud.android,2025.09.18-release,2025-09-22 00:00:00
155,com.soundcloud.android,2020.04.13-release,2025-09-25 00:00:00
156,com.soundcloud.android,2021.10.13-release,2025-09-26 00:00:00
157,com.soundcloud.android,2016.09.21-release,2025-09-28 00:00:00
158,com.soundcloud.android,2025.09.27-release,2025-09-30 00:00:00
159,com.soundcloud.android,2025.09.10-tv-release,2025-09-30 00:00:00
160,com.soundcloud.android,2025.09.27-beta,2025-10-03 00:00:00
161,com.soundcloud.android,2025.10.02-release,2025-10-07 00:00:00
162,com.soundcloud.android,2021.06.04-release,2025-10-10 00:00:00
163,com.soundcloud.android,2017.12.18-release,2025-10-10 00:00:00
164,com.soundcloud.android,2025.10.10-release,2025-10-14 00:00:00
165,com.soundcloud.android,2022.02.07-release,2025-10-17 00:00:00
166,com.soundcloud.android,2025.10.20-release,2025-10-21 00:00:00
167,com.soundcloud.android,2022.10.04-release,2025-10-25 00:00:00
168,com.soundcloud.android,2021.11.23-release,2025-10-27 00:00:00
169,com.soundcloud.android,2025.10.30-release,2025-11-06 00:00:00
170,com.soundcloud.android,2023.04.25-release,2025-11-07 00:00:00
171,com.soundcloud.android,2023.05.22-release,2025-11-08 00:00:00
172,com.soundcloud.android,2022.03.24-release,2025-11-16 00:00:00
173,com.soundcloud.android,2025.11.17-release,2025-11-19 00:00:00
174,com.soundcloud.android,2025.11.24-release,2025-11-25 00:00:00
175,com.soundcloud.android,2021.08.03-release,2025-12-03 00:00:00
176,com.soundcloud.android,2025.11.28-release,2025-12-03 00:00:00
177,com.soundcloud.android,2025.12.05-release,2025-12-06 00:00:00
178,com.soundcloud.android,2025.11.17-beta,2025-12-07 00:00:00
179,com.soundcloud.android,2025.12.05-beta,2025-12-08 00:00:00
180,com.amazon.mp3,25.9.2,2025-12-09 00:00:00
181,com.amazon.mp3,23.6.1,2025-12-09 00:00:00
182,com.amazon.mp3,25.24.0,2025-12-09 00:00:00
183,com.amazon.mp3,25.21.5,2025-12-09 00:00:00
184,com.amazon.mp3,23.12.1,2025-12-09 00:00:00
185,com.amazon.mp3,25.22.6,2025-12-09 00:00:00
186,com.amazon.mp3,25.25.0,2025-12-09 00:00:00
187,com.amazon.mp3,25.23.0,2025-12-09 00:00:00
188,com.amazon.mp3,25.24.5,2025-12-09 00:00:00
189,com.amazon.mp3,25.23.6,2025-12-09 00:00:00
190,com.amazon.mp3,25.16.0,2025-12-10 00:00:00
191,com.amazon.mp3,25.19.0,2025-12-10 00:00:00
192,com.amazon.mp3,25.20.6,2025-12-10 00:00:00
193,com.amazon.mp3,17.18.1,2025-12-10 00:00:00
194,com.amazon.mp3,24.8.0,2025-12-10 00:00:00
195,com.amazon.mp3,25.13.5,2025-12-10 00:00:00
196,com.amazon.mp3,5.3.0,2025-12-10 00:00:00
197,com.amazon.mp3,25.15.5,2025-12-10 00:00:00
198,com.amazon.mp3,25.20.0,2025-12-11 00:00:00
199,com.amazon.mp3,24.1.5,2025-12-11 00:00:00
200,com.amazon.mp3,25.23.5,2025-12-11 00:00:00
201,com.amazon.mp3,25.15.0,2025-12-12 00:00:00
202,com.amazon.mp3,24.11.1,2025-12-12 00:00:00
203,com.amazon.mp3,25.11.1,2025-12-12 00:00:00
204,com.amazon.mp3,24.18.2,2025-12-12 00:00:00
205,com.amazon.mp3,24.2.0,2025-12-12 00:00:00
206,com.amazon.mp3,23.5.0,2025-12-12 00:00:00
207,com.amazon.mp3,24.16.3,2025-12-12 00:00:00
208,com.soundcloud.android,2025.12.10-release,2025-12-12 00:00:00
209,com.amazon.mp3,25.18.0,2025-12-13 00:00:00
210,com.amazon.mp3,23.13.2,2025-12-13 00:00:00
211,com.amazon.mp3,25.7.0,2025-12-13 00:00:00
212,com.amazon.mp3,25.5.0,2025-12-13 00:00:00
213,com.amazon.mp3,25.22.0,2025-12-13 00:00:00
214,com.amazon.mp3,15.20.1,2025-12-13 00:00:00
215,com.amazon.mp3,25.17.2,2025-12-14 00:00:00
216,com.amazon.mp3,17.14.1,2025-12-14 00:00:00
217,com.amazon.mp3,24.14.0,2025-12-14 00:00:00
218,com.amazon.mp3,23.12.0,2025-12-14 00:00:00
219,com.amazon.mp3,22.11.2,2025-12-15 00:00:00
220,com.amazon.mp3,24.17.2,2025-12-15 00:00:00
221,com.amazon.mp3,16.10.3,2025-12-16 00:00:00
222,com.amazon.mp3,23.12.6,2025-12-16 00:00:00
223,com.amazon.mp3,23.13.1,2025-12-17 00:00:00
224,com.amazon.mp3,24.4.0,2025-12-17 00:00:00
225,com.amazon.mp3,22.15.0,2025-12-17 00:00:00
226,com.amazon.mp3,23.7.2,2025-12-17 00:00:00
227,com.amazon.mp3,17.2.4,2025-12-17 00:00:00
228,com.amazon.mp3,23.10.0,2025-12-18 00:00:00
229,com.amazon.mp3,24.23.2,2025-12-18 00:00:00
230,com.amazon.mp3,24.4.1,2025-12-19 00:00:00
231,com.amazon.mp3,24.9.0,2025-12-19 00:00:00
232,com.soundcloud.android,2021.08.24-release,2025-12-19 00:00:00
233,com.soundcloud.android,2023.01.16-release,2025-12-19 00:00:00
234,com.amazon.mp3,25.3.1,2025-12-20 00:00:00
235,com.amazon.mp3,25.17.5,2025-12-20 00:00:00
236,com.amazon.mp3,25.21.0,2025-12-20 00:00:00
237,com.amazon.mp3,25.4.2,2025-12-20 00:00:00
238,com.amazon.mp3,25.6.0,2025-12-21 00:00:00
239,com.amazon.mp3,24.13.0,2025-12-21 00:00:00
240,com.soundcloud.android,2021.06.29-release,2025-12-23 00:00:00
241,com.amazon.mp3,25.16.6,2025-12-27 00:00:00
242,com.amazon.mp3,22.1.1,2025-12-27 00:00:00
243,com.amazon.mp3,24.7.0,2025-12-28 00:00:00
244,com.amazon.mp3,23.9.0,2025-12-29 00:00:00
245,com.amazon.mp3,25.2.2,2025-12-29 00:00:00
246,com.amazon.mp3,17.6.2,2025-12-30 00:00:00
247,com.soundcloud.android,2022.04.01-release,2025-12-30 00:00:00
248,com.amazon.mp3,17.7.5,2025-12-30 00:00:00
249,com.amazon.mp3,22.8.1,2025-12-31 00:00:00
250,com.amazon.mp3,17.3.6,2026-01-01 00:00:00
251,com.amazon.mp3,25.6.1,2026-01-02 00:00:00
252,com.amazon.mp3,5.4.3,2026-01-03 00:00:00
253,com.amazon.mp3,17.4.1,2026-01-05 00:00:00
254,com.amazon.mp3,17.6.1,2026-01-06 00:00:00
255,com.amazon.mp3,22.3.3,2026-01-06 00:00:00
256,com.amazon.mp3,26.1.1,2026-01-06 00:00:00
257,com.soundcloud.android,2024.03.04-release,2026-01-06 00:00:00
258,com.amazon.mp3,17.19.4,2026-01-07 00:00:00
259,com.amazon.mp3,23.1.0,2026-01-07 00:00:00
260,com.amazon.mp3,26.1.2,2026-01-08 00:00:00
261,com.amazon.mp3,22.7.1,2026-01-09 00:00:00
262,com.soundcloud.android,2021.03.15-release,2026-01-09 00:00:00
263,com.amazon.mp3,17.2.2,2026-01-10 00:00:00
264,com.amazon.mp3,26.1.5,2026-01-12 00:00:00
265,com.amazon.mp3,24.22.0,2026-01-13 00:00:00
266,com.soundcloud.android,2026.01.09-release,2026-01-13 00:00:00
267,com.amazon.mp3,4.5.0,2026-01-13 00:00:00
268,com.soundcloud.android,2018.06.12-release,2026-01-14 00:00:00
269,com.amazon.mp3,17.5.5,2026-01-15 00:00:00
270,com.amazon.mp3,25.20.1,2026-01-15 00:00:00
271,com.amazon.mp3,17.11.2,2026-01-16 00:00:00
272,com.amazon.mp3,24.5.0,2026-01-16 00:00:00
273,com.amazon.mp3,23.16.0,2026-01-16 00:00:00
274,com.amazon.mp3,22.15.13,2026-01-17 00:00:00
275,com.amazon.mp3,16.19.2,2026-01-17 00:00:00
276,com.amazon.mp3,23.11.0,2026-01-17 00:00:00
277,com.amazon.mp3,23.15.0,2026-01-18 00:00:00
278,com.soundcloud.android,2026.01.14-wear-beta,2026-01-18 00:00:00
279,com.amazon.mp3,24.9.1,2026-01-20 00:00:00
280,com.amazon.mp3,25.2.3,2026-01-20 00:00:00
281,com.amazon.mp3,26.2.0,2026-01-20 00:00:00
282,com.soundcloud.android,2026.01.19-release,2026-01-21 00:00:00
283,com.amazon.mp3,23.9.1,2026-01-21 00:00:00
284,com.amazon.mp3,24.17.0,2026-01-24 00:00:00
285,com.soundcloud.android,2017.11.14-release,2026-01-25 00:00:00
286,com.amazon.mp3,22.14.3,2026-01-26 00:00:00
287,com.amazon.mp3,26.2.5,2026-01-27 00:00:00
288,com.soundcloud.android,2026.01.23-release,2026-01-27 00:00:00
289,com.soundcloud.android,2026.01.27-release,2026-01-29 00:00:00
290,com.amazon.mp3,26.2.6,2026-01-29 00:00:00
291,com.soundcloud.android,2020.11.02-release,2026-01-31 00:00:00
292,com.amazon.mp3,26.3.1,2026-02-02 00:00:00
293,com.amazon.mp3,6.4.2,2026-02-02 00:00:00
294,com.amazon.mp3,25.20.5,2026-02-02 00:00:00
295,com.amazon.mp3,25.8.1,2026-02-02 00:00:00
296,com.soundcloud.android,2026.01.30-release,2026-02-02 00:00:00
297,com.amazon.mp3,2.4.1,2026-02-02 00:00:00
298,com.amazon.mp3,23.2.2,2026-02-03 00:00:00
299,com.amazon.mp3,26.3.0,2026-02-03 00:00:00
300,com.amazon.mp3,26.3.2,2026-02-04 00:00:00
301,com.amazon.mp3,24.15.1,2026-02-05 00:00:00
302,com.amazon.mp3,23.11.1,2026-02-07 00:00:00
303,com.amazon.mp3,17.5.1,2026-02-09 00:00:00
304,com.soundcloud.android,2026.02.06-release,2026-02-11 00:00:00
305,com.amazon.mp3,24.22.2,2026-02-13 00:00:00
306,com.amazon.mp3,23.6.0,2026-02-13 00:00:00
307,com.amazon.mp3,24.20.1,2026-02-16 00:00:00
308,com.amazon.mp3,15.19.5,2026-02-16 00:00:00
309,com.amazon.mp3,26.4.0,2026-02-16 00:00:00
310,com.soundcloud.android,2026.02.12-release,2026-02-17 00:00:00
311,com.amazon.mp3,25.19.7,2026-02-18 00:00:00
312,com.amazon.mp3,24.3.1,2026-02-18 00:00:00
313,com.amazon.mp3,25.14.0,2026-02-18 00:00:00
314,com.amazon.mp3,1.8.33,2026-02-18 00:00:00
315,com.amazon.mp3,26.4.1,2026-02-18 00:00:00
316,com.amazon.mp3,24.14.1,2026-02-20 00:00:00
317,com.amazon.mp3,23.7.0,2026-02-23 00:00:00
318,com.amazon.mp3,26.4.5,2026-02-23 00:00:00
319,com.amazon.mp3,15.21.8,2026-02-24 00:00:00
320,com.soundcloud.android,2026.02.20-release,2026-02-24 00:00:00
321,com.amazon.mp3,22.14.6,2026-02-25 00:00:00
322,com.soundcloud.android,2020.02.03-release,2026-02-25 00:00:00
323,com.amazon.mp3,7.3.8,2026-02-28 00:00:00
324,com.amazon.mp3,24.6.1,2026-03-01 00:00:00
325,com.amazon.mp3,6.1.3,2026-03-01 00:00:00
326,com.amazon.mp3,26.5.0,2026-03-02 00:00:00
327,com.amazon.mp3,23.4.0,2026-03-03 00:00:00
328,com.amazon.mp3,3.0.6,2026-03-03 00:00:00
329,com.soundcloud.android,2026.02.27-release,2026-03-04 00:00:00
330,com.amazon.mp3,25.1.1,2026-03-05 00:00:00
331,com.soundcloud.android,2023.03.28-release,2026-03-05 00:00:00
332,com.amazon.mp3,16.3.2,2026-03-05 00:00:00
333,com.amazon.mp3,26.5.1,2026-03-06 00:00:00
334,com.soundcloud.android,2026.02.20-beta,2026-03-07 00:00:00
335,com.amazon.mp3,24.23.0,2026-03-08 00:00:00
336,com.amazon.mp3,23.10.1,2026-03-09 00:00:00
337,com.amazon.mp3,25.15.1,2026-03-10 00:00:00
338,com.soundcloud.android,15.03.12-59,2026-03-10 00:00:00
339,com.soundcloud.android,2026.03.05-release,2026-03-10 00:00:00
340,com.amazon.mp3,4.2.1,2026-03-13 00:00:00
341,com.google.android.apps.youtube.music,5.24.50,2026-03-14 00:00:00
342,com.google.android.apps.youtube.music,9.06.51,2026-03-14 00:00:00
343,com.google.android.apps.youtube.music,9.09.53,2026-03-14 00:00:00
344,com.google.android.apps.youtube.music,9.07.51,2026-03-14 00:00:00
345,com.google.android.apps.youtube.music,7.18.52,2026-03-14 00:00:00
346,com.google.android.apps.youtube.music,9.09.40-WEAR_RELEASE,2026-03-14 00:00:00
347,com.google.android.apps.youtube.music,6.20.51,2026-03-14 00:00:00
348,com.google.android.apps.youtube.music,8.50.51,2026-03-14 00:00:00
349,com.google.android.apps.youtube.music,9.09.52,2026-03-14 00:00:00
350,com.google.android.apps.youtube.music,9.08.51,2026-03-14 00:00:00
351,com.google.android.apps.youtube.music,9.10.52,2026-03-14 00:00:00
352,com.amazon.mp3,15.19.4,2026-03-14 00:00:00
353,com.google.android.apps.youtube.music,9.04.50,2026-03-15 00:00:00
354,com.google.android.apps.youtube.music,7.13.52,2026-03-15 00:00:00
355,com.google.android.apps.youtube.music,5.30.51,2026-03-15 00:00:00
356,com.google.android.apps.youtube.music,8.22.52,2026-03-15 00:00:00
357,com.amazon.mp3,24.10.1,2026-03-15 00:00:00
358,com.google.android.apps.youtube.music,8.18.51,2026-03-15 00:00:00
359,com.google.android.apps.youtube.music,9.04.51,2026-03-15 00:00:00
360,com.google.android.apps.youtube.music,5.49.54,2026-03-15 00:00:00
361,com.google.android.apps.youtube.music,7.16.52,2026-03-15 00:00:00
362,com.google.android.apps.youtube.music,6.42.52,2026-03-15 00:00:00
363,com.google.android.apps.youtube.music,7.26.51,2026-03-15 00:00:00
364,com.google.android.apps.youtube.music,8.38.52,2026-03-15 00:00:00
365,com.google.android.apps.youtube.music,8.26.51,2026-03-15 00:00:00
366,com.google.android.apps.youtube.music,8.30.51,2026-03-15 00:00:00
367,com.google.android.apps.youtube.music,8.47.54,2026-03-15 00:00:00
368,com.google.android.apps.youtube.music,9.03.52,2026-03-15 00:00:00
369,com.google.android.apps.youtube.music,8.36.51,2026-03-15 00:00:00
370,com.google.android.apps.youtube.music,6.49.53,2026-03-16 00:00:00
371,com.google.android.apps.youtube.music,5.11.55,2026-03-16 00:00:00
372,com.google.android.apps.youtube.music,8.33.53,2026-03-16 00:00:00
373,com.google.android.apps.youtube.music,6.37.50,2026-03-16 00:00:00
374,com.google.android.apps.youtube.music,6.33.51,2026-03-16 00:00:00
375,com.google.android.apps.youtube.music,8.23.52,2026-03-16 00:00:00
376,com.google.android.apps.youtube.music,9.05.51,2026-03-16 00:00:00
377,com.google.android.apps.youtube.music,7.23.51,2026-03-16 00:00:00
378,com.google.android.apps.youtube.music,8.29.52,2026-03-16 00:00:00
379,com.google.android.apps.youtube.music,9.02.50,2026-03-16 00:00:00
380,com.google.android.apps.youtube.music,8.42.53,2026-03-16 00:00:00
381,com.google.android.apps.youtube.music,7.25.52,2026-03-16 00:00:00
382,com.google.android.apps.youtube.music,6.34.51,2026-03-17 00:00:00
383,com.google.android.apps.youtube.music,2.41.54,2026-03-17 00:00:00
384,com.google.android.apps.youtube.music,8.25.53,2026-03-17 00:00:00
385,com.google.android.apps.youtube.music,8.40.52,2026-03-17 00:00:00
386,com.google.android.apps.youtube.music,9.11.54,2026-03-17 00:00:00
387,com.google.android.apps.youtube.music,8.06.51,2026-03-17 00:00:00
388,com.google.android.apps.youtube.music,6.29.58,2026-03-17 00:00:00
389,com.google.android.apps.youtube.music,3.49.53,2026-03-17 00:00:00
390,com.amazon.mp3,26.6.0,2026-03-17 00:00:00
391,com.google.android.apps.youtube.music,8.17.52,2026-03-17 00:00:00
392,com.google.android.apps.youtube.music,8.51.51,2026-03-17 00:00:00
393,com.google.android.apps.youtube.music,9.10.53,2026-03-17 00:00:00
394,com.google.android.apps.youtube.music,8.45.51,2026-03-18 00:00:00
395,com.google.android.apps.youtube.music,9.06.52,2026-03-18 00:00:00
396,com.google.android.apps.youtube.music,9.10.40-WEAR_RELEASE,2026-03-18 00:00:00
397,com.google.android.apps.youtube.music,5.40.51,2026-03-18 00:00:00
398,com.google.android.apps.youtube.music,8.37.55,2026-03-18 00:00:00
399,com.google.android.apps.youtube.music,9.05.40-WEAR_RELEASE,2026-03-18 00:00:00
400,com.amazon.mp3,17.17.1,2026-03-18 00:00:00
401,com.google.android.apps.youtube.music,5.33.51,2026-03-18 00:00:00
402,com.google.android.apps.youtube.music,4.38.51,2026-03-18 00:00:00
403,com.google.android.apps.youtube.music,9.11.40-WEAR_RELEASE,2026-03-18 00:00:00
404,com.google.android.apps.youtube.music,4.44.52,2026-03-18 00:00:00
405,com.google.android.apps.youtube.music,7.29.51,2026-03-19 00:00:00
406,com.google.android.apps.youtube.music,6.43.52,2026-03-19 00:00:00
407,com.google.android.apps.youtube.music,6.25.53,2026-03-19 00:00:00
408,com.google.android.apps.youtube.music,8.09.50,2026-03-19 00:00:00
409,com.google.android.apps.youtube.music,8.41.51,2026-03-19 00:00:00
410,com.google.android.apps.youtube.music,8.39.53,2026-03-19 00:00:00
411,com.google.android.apps.youtube.music,8.49.55,2026-03-19 00:00:00
412,com.google.android.apps.youtube.music,5.51.50,2026-03-19 00:00:00
413,com.amazon.mp3,23.8.0,2026-03-20 00:00:00
414,com.google.android.apps.youtube.music,6.29.57,2026-03-20 00:00:00
415,com.google.android.apps.youtube.music,2.69.56,2026-03-20 00:00:00
416,com.google.android.apps.youtube.music,7.28.51,2026-03-21 00:00:00
417,com.google.android.apps.youtube.music,8.19.52,2026-03-21 00:00:00
418,com.google.android.apps.youtube.music,6.36.51,2026-03-21 00:00:00
419,com.google.android.apps.youtube.music,6.47.50,2026-03-21 00:00:00
420,com.google.android.apps.youtube.music,6.05.51,2026-03-21 00:00:00
421,com.google.android.apps.youtube.music,8.23.51,2026-03-21 00:00:00
422,com.google.android.apps.youtube.music,8.05.50,2026-03-21 00:00:00
423,com.google.android.apps.youtube.music,6.01.55,2026-03-21 00:00:00
424,com.google.android.apps.youtube.music,6.51.52,2026-03-21 00:00:00
425,com.google.android.apps.youtube.music,8.14.53,2026-03-21 00:00:00
426,com.google.android.apps.youtube.music,7.01.52,2026-03-22 00:00:00
427,com.google.android.apps.youtube.music,5.27.50,2026-03-22 00:00:00
428,com.google.android.apps.youtube.music,3.29.54,2026-03-22 00:00:00
429,com.google.android.apps.youtube.music,8.35.52,2026-03-22 00:00:00
430,com.google.android.apps.youtube.music,7.11.50,2026-03-22 00:00:00
431,com.google.android.apps.youtube.music,8.49.54,2026-03-22 00:00:00
432,com.google.android.apps.youtube.music,5.29.52,2026-03-22 00:00:00
433,com.google.android.apps.youtube.music,7.02.51,2026-03-22 00:00:00
434,com.google.android.apps.youtube.music,8.08.53,2026-03-23 00:00:00
435,com.amazon.mp3,26.7.0,2026-03-23 00:00:00
436,com.google.android.apps.youtube.music,7.04.51,2026-03-23 00:00:00
437,com.google.android.apps.youtube.music,8.10.51,2026-03-23 00:00:00
438,com.google.android.apps.youtube.music,8.46.57,2026-03-23 00:00:00
439,com.google.android.apps.youtube.music,8.21.51,2026-03-23 00:00:00
440,com.soundcloud.android,2026.03.20-release,2026-03-23 00:00:00
441,com.google.android.apps.youtube.music,9.11.55,2026-03-24 00:00:00
442,com.google.android.apps.youtube.music,9.12.51,2026-03-24 00:00:00
443,com.google.android.apps.youtube.music,4.70.50,2026-03-24 00:00:00
444,com.google.android.apps.youtube.music,8.44.53,2026-03-24 00:00:00
445,com.amazon.mp3,17.19.3,2026-03-24 00:00:00
446,com.google.android.apps.youtube.music,4.23.50,2026-03-25 00:00:00
447,com.google.android.apps.youtube.music,9.12.41-WEAR_RELEASE,2026-03-25 00:00:00
448,com.google.android.apps.youtube.music,6.03.51,2026-03-25 00:00:00
449,com.google.android.apps.youtube.music,9.11.20-CAR_RELEASE,2026-03-25 00:00:00
450,com.google.android.apps.youtube.music,6.02.53,2026-03-25 00:00:00
451,com.google.android.apps.youtube.music,7.31.51,2026-03-25 00:00:00
452,com.google.android.apps.youtube.music,8.50.41-WEAR_RELEASE,2026-03-26 00:00:00
453,com.google.android.apps.youtube.music,8.34.51,2026-03-26 00:00:00
454,com.google.android.apps.youtube.music,7.14.52,2026-03-27 00:00:00
455,com.google.android.apps.youtube.music,6.46.52,2026-03-27 00:00:00
456,com.google.android.apps.youtube.music,8.43.53,2026-03-28 00:00:00
457,com.google.android.apps.youtube.music,7.08.53,2026-03-28 00:00:00
458,com.google.android.apps.youtube.music,4.09.51,2026-03-28 00:00:00
459,com.google.android.apps.youtube.music,3.45.54,2026-03-28 00:00:00
460,com.google.android.apps.youtube.music,8.24.53,2026-03-28 00:00:00
461,com.google.android.apps.youtube.music,9.08.40-WEAR_RELEASE,2026-03-29 00:00:00
462,com.google.android.apps.youtube.music,7.05.54,2026-03-29 00:00:00
463,com.google.android.apps.youtube.music,8.13.52,2026-03-29 00:00:00
464,com.google.android.apps.youtube.music,8.03.51,2026-03-29 00:00:00
465,com.amazon.mp3,24.6.0,2026-03-29 00:00:00
466,com.google.android.apps.youtube.music,7.19.51,2026-03-30 00:00:00
467,com.google.android.apps.youtube.music,4.52.50,2026-03-30 00:00:00
468,com.google.android.apps.youtube.music,6.26.50,2026-03-30 00:00:00
469,com.google.android.apps.youtube.music,5.50.53,2026-03-30 00:00:00
470,com.amazon.mp3,26.8.0,2026-03-30 00:00:00
471,com.soundcloud.android,2026.03.27-release,2026-03-30 00:00:00
472,com.google.android.apps.youtube.music,8.13.51,2026-03-31 00:00:00
473,com.google.android.apps.youtube.music,5.39.52,2026-03-31 00:00:00
474,com.google.android.apps.youtube.music,4.37.53,2026-03-31 00:00:00
475,com.google.android.apps.youtube.music,9.12.52,2026-04-01 00:00:00
476,com.google.android.apps.youtube.music,6.40.52,2026-04-01 00:00:00
477,com.google.android.apps.youtube.music,9.13.50,2026-04-01 00:00:00
478,com.google.android.apps.youtube.music,4.66.51,2026-04-01 00:00:00
479,com.google.android.apps.youtube.music,6.34.52,2026-04-02 00:00:00
480,com.google.android.apps.youtube.music,5.16.51,2026-04-02 00:00:00
481,com.google.android.apps.youtube.music,5.44.53,2026-04-02 00:00:00
482,com.google.android.apps.youtube.music,4.54.52,2026-04-03 00:00:00
483,com.google.android.apps.youtube.music,8.12.53,2026-04-03 00:00:00
484,com.google.android.apps.youtube.music,9.13.40-WEAR_RELEASE,2026-04-03 00:00:00
485,com.google.android.apps.youtube.music,8.46.53,2026-04-04 00:00:00
486,com.google.android.apps.youtube.music,6.22.51,2026-04-04 00:00:00
487,com.google.android.apps.youtube.music,6.42.55,2026-04-05 00:00:00
488,com.amazon.mp3,15.21.10,2026-04-05 00:00:00
489,com.soundcloud.android,2021.07.19-release,2026-04-05 00:00:00
490,com.amazon.mp3,23.3.3,2026-04-06 00:00:00
491,com.google.android.apps.youtube.music,8.02.53,2026-04-06 00:00:00
492,com.amazon.mp3,26.9.0,2026-04-06 00:00:00
493,com.soundcloud.android,2021.03.24-release,2026-04-07 00:00:00
494,com.amazon.mp3,22.2.3,2026-04-07 00:00:00
495,com.google.android.apps.youtube.music,5.05.51,2026-04-07 00:00:00
496,com.google.android.apps.youtube.music,6.10.51,2026-04-07 00:00:00
497,com.google.android.apps.youtube.music,6.07.50,2026-04-07 00:00:00
498,com.google.android.apps.youtube.music,4.26.51,2026-04-07 00:00:00
499,com.amazon.mp3,23.14.2,2026-04-07 00:00:00
500,com.google.android.apps.youtube.music,9.13.51,2026-04-08 00:00:00
501,com.google.android.apps.youtube.music,6.28.52,2026-04-08 00:00:00
502,com.soundcloud.android,2026.04.01-release,2026-04-08 00:00:00
503,com.amazon.mp3,17.4.2,2026-04-08 00:00:00
504,com.google.android.apps.youtube.music,9.14.51,2026-04-08 00:00:00
505,com.google.android.apps.youtube.music,8.15.51,2026-04-09 00:00:00
506,com.google.android.apps.youtube.music,4.28.52,2026-04-09 00:00:00
507,com.google.android.apps.youtube.music,6.36.54,2026-04-09 00:00:00
508,com.google.android.apps.youtube.music,6.19.51,2026-04-10 00:00:00
509,com.google.android.apps.youtube.music,9.14.40-WEAR_RELEASE,2026-04-10 00:00:00
510,com.google.android.apps.youtube.music,8.07.52,2026-04-10 00:00:00
511,com.google.android.apps.youtube.music,5.06.50,2026-04-11 00:00:00
512,com.google.android.apps.youtube.music,9.14.53,2026-04-11 00:00:00
513,com.google.android.apps.youtube.music,8.11.50,2026-04-12 00:00:00
514,com.google.android.apps.youtube.music,5.47.53,2026-04-12 00:00:00
515,com.google.android.apps.youtube.music,8.20.52,2026-04-12 00:00:00
516,com.google.android.apps.youtube.music,6.50.51,2026-04-12 00:00:00
517,com.google.android.apps.youtube.music,9.14.20-CAR_RELEASE,2026-04-12 00:00:00
518,com.google.android.apps.youtube.music,4.60.52,2026-04-13 00:00:00
519,com.google.android.apps.youtube.music,8.16.51,2026-04-13 00:00:00
520,com.google.android.apps.youtube.music,5.14.53,2026-04-13 00:00:00
521,com.google.android.apps.youtube.music,6.41.58,2026-04-13 00:00:00
522,com.amazon.mp3,26.10.0,2026-04-13 00:00:00
523,com.google.android.apps.youtube.music,9.14.54,2026-04-14 00:00:00
524,com.soundcloud.android,2026.04.09-release,2026-04-14 00:00:00
525,com.amazon.mp3,22.10.1,2026-04-14 00:00:00
526,com.google.android.apps.youtube.music,6.21.51,2026-04-14 00:00:00
527,com.google.android.apps.youtube.music,6.48.51,2026-04-14 00:00:00
528,com.google.android.apps.youtube.music,9.15.50,2026-04-14 00:00:00
529,com.google.android.apps.youtube.music,7.27.53,2026-04-15 00:00:00
530,com.google.android.apps.youtube.music,9.15.40-WEAR_RELEASE,2026-04-15 00:00:00
531,com.google.android.apps.youtube.music,8.46.55,2026-04-15 00:00:00
532,com.amazon.mp3,16.8.2,2026-04-15 00:00:00
533,com.google.android.apps.youtube.music,7.31.52,2026-04-16 00:00:00
534,com.amazon.mp3,25.1.3,2026-04-16 00:00:00
535,com.google.android.apps.youtube.music,4.55.55,2026-04-16 00:00:00
536,com.google.android.apps.youtube.music,8.29.56,2026-04-17 00:00:00
537,com.amazon.mp3,17.12.1,2026-04-18 00:00:00
538,com.google.android.apps.youtube.music,5.13.40-WEAR_RELEASE,2026-04-18 00:00:00
539,com.amazon.mp3,25.14.6,2026-04-18 00:00:00
540,com.google.android.apps.youtube.music,5.09.51,2026-04-18 00:00:00
541,com.google.android.apps.youtube.music,5.07.50,2026-04-18 00:00:00
542,com.google.android.apps.youtube.music,5.02.50,2026-04-18 00:00:00
543,com.amazon.mp3,24.19.1,2026-04-19 00:00:00
544,com.google.android.apps.youtube.music,8.28.53,2026-04-19 00:00:00
545,com.google.android.apps.youtube.music,5.41.50,2026-04-19 00:00:00
546,com.google.android.apps.youtube.music,7.20.51,2026-04-19 00:00:00
547,com.amazon.mp3,26.11.0,2026-04-20 00:00:00
548,com.soundcloud.android,2026.04.16-release,2026-04-20 00:00:00
549,com.google.android.apps.youtube.music,4.07.51,2026-04-20 00:00:00
550,com.google.android.apps.youtube.music,8.21.52,2026-04-21 00:00:00
551,com.amazon.mp3,22.15.1,2026-04-21 00:00:00
552,com.google.android.apps.youtube.music,8.04.52,2026-04-21 00:00:00
553,com.google.android.apps.youtube.music,6.40.41-WEAR_RELEASE,2026-04-21 00:00:00
554,com.google.android.apps.youtube.music,9.03.41-WEAR_RELEASE,2026-04-22 00:00:00
555,com.google.android.apps.youtube.music,7.24.51,2026-04-23 00:00:00
556,com.google.android.apps.youtube.music,9.15.51,2026-04-23 00:00:00
557,com.google.android.apps.youtube.music,9.16.51,2026-04-23 00:00:00
558,com.google.android.apps.youtube.music,8.39.54,2026-04-23 00:00:00
559,com.amazon.mp3,26.11.1,2026-04-23 00:00:00
560,com.amazon.mp3,26.11.2,2026-04-24 00:00:00
561,com.google.android.apps.youtube.music,9.05.52,2026-04-24 00:00:00
562,com.google.android.apps.youtube.music,9.16.40-WEAR_RELEASE,2026-04-24 00:00:00
563,com.google.android.apps.youtube.music,3.35.51,2026-04-24 00:00:00
564,com.google.android.apps.youtube.music,6.04.52,2026-04-25 00:00:00
565,com.google.android.apps.youtube.music,6.18.52,2026-04-25 00:00:00
566,com.amazon.mp3,7.8.5_307080510,2026-04-26 00:00:00
567,com.google.android.apps.youtube.music,9.06.41-WEAR_RELEASE,2026-04-27 00:00:00
568,com.google.android.apps.youtube.music,7.21.50,2026-04-28 00:00:00
569,com.google.android.apps.youtube.music,8.10.52,2026-04-28 00:00:00
570,com.google.android.apps.youtube.music,7.33.51,2026-04-28 00:00:00
571,com.amazon.mp3,22.2.2,2026-04-28 00:00:00
572,com.google.android.apps.youtube.music,7.03.52,2026-04-28 00:00:00
573,com.soundcloud.android,2026.04.27-release,2026-04-29 00:00:00
574,com.google.android.apps.youtube.music,9.16.52,2026-04-30 00:00:00
575,com.google.android.apps.youtube.music,6.08.50,2026-04-30 00:00:00
576,com.google.android.apps.youtube.music,5.23.50,2026-04-30 00:00:00
577,com.google.android.apps.youtube.music,9.17.51,2026-04-30 00:00:00
578,com.google.android.apps.youtube.music,4.02.51,2026-05-01 00:00:00
579,com.google.android.apps.youtube.music,6.13.52,2026-05-01 00:00:00
580,com.google.android.apps.youtube.music,5.36.51,2026-05-01 00:00:00
581,com.google.android.apps.youtube.music,8.31.53,2026-05-01 00:00:00
582,com.google.android.apps.youtube.music,3.43.52,2026-05-01 00:00:00
583,com.amazon.mp3,22.5.3,2026-05-03 00:00:00
584,com.amazon.mp3,26.13.0,2026-05-03 00:00:00
585,com.amazon.mp3,26.13.1,2026-05-04 00:00:00
586,com.google.android.apps.youtube.music,4.33.51,2026-05-04 00:00:00
587,com.amazon.mp3,22.15.11,2026-05-04 00:00:00
588,com.amazon.mp3,23.13.0,2026-05-04 00:00:00
589,com.google.android.apps.youtube.music,8.49.41-WEAR_RELEASE,2026-05-04 00:00:00
590,com.google.android.apps.youtube.music,9.17.40-WEAR_RELEASE,2026-05-04 00:00:00
591,com.google.android.apps.youtube.music,4.15.50,2026-05-04 00:00:00
592,com.soundcloud.android,2026.04.30-release,2026-05-05 00:00:00
593,com.google.android.apps.youtube.music,8.45.52,2026-05-05 00:00:00
594,com.google.android.apps.youtube.music,8.37.40-WEAR_RELEASE,2026-05-05 00:00:00
595,com.amazon.mp3,23.5.3,2026-05-05 00:00:00
596,com.google.android.apps.youtube.music,4.41.51,2026-05-06 00:00:00
597,com.google.android.apps.youtube.music,6.44.54,2026-05-06 00:00:00
598,com.google.android.apps.youtube.music,6.50.52,2026-05-06 00:00:00
599,com.google.android.apps.youtube.music,9.17.54,2026-05-08 00:00:00
600,com.google.android.apps.youtube.music,9.17.52,2026-05-08 00:00:00
601,com.google.android.apps.youtube.music,9.17.55,2026-05-08 00:00:00
602,com.google.android.apps.youtube.music,9.18.50,2026-05-08 00:00:00
603,com.google.android.apps.youtube.music,7.07.51,2026-05-09 00:00:00
604,com.amazon.mp3,6.5.3,2026-05-09 00:00:00
605,com.amazon.mp3,24.3.5,2026-05-09 00:00:00
606,com.amazon.mp3,25.10.2,2026-05-10 00:00:00
607,com.amazon.mp3,23.1.2,2026-05-10 00:00:00
608,com.google.android.apps.youtube.music,4.46.50,2026-05-10 00:00:00
609,com.google.android.apps.youtube.music,6.16.52,2026-05-11 00:00:00
610,com.soundcloud.android,2026.05.07-release,2026-05-12 00:00:00
611,com.google.android.apps.youtube.music,5.12.51,2026-05-12 00:00:00
612,com.amazon.mp3,26.14.0,2026-05-12 00:00:00
613,com.google.android.apps.youtube.music,7.22.52,2026-05-12 00:00:00
614,com.google.android.apps.youtube.music,7.14.53,2026-05-12 00:00:00
615,com.google.android.apps.youtube.music,8.19.53,2026-05-12 00:00:00
616,com.google.android.apps.youtube.music,9.07.52,2026-05-13 00:00:00
617,com.soundcloud.android,1.1.6,2026-05-14 00:00:00
618,com.google.android.apps.youtube.music,6.44.52,2026-05-14 00:00:00
619,com.google.android.apps.youtube.music,9.18.51,2026-05-14 00:00:00
620,com.google.android.apps.youtube.music,9.19.50,2026-05-14 00:00:00
621,com.google.android.apps.youtube.music,9.19.40-WEAR_RELEASE,2026-05-15 00:00:00
622,com.amazon.mp3,26.14.2,2026-05-16 00:00:00
623,com.amazon.mp3,17.8.6,2026-05-16 00:00:00
624,com.google.android.apps.youtube.music,8.47.55,2026-05-16 00:00:00
625,com.google.android.apps.youtube.music,5.53.50,2026-05-16 00:00:00
626,com.google.android.apps.youtube.music,5.32.50,2026-05-17 00:00:00
627,com.google.android.apps.youtube.music,6.31.55,2026-05-17 00:00:00
628,com.google.android.apps.youtube.music,9.07.40-WEAR_RELEASE,2026-05-17 00:00:00
629,com.google.android.apps.youtube.music,4.40.50,2026-05-17 00:00:00
630,com.amazon.mp3,26.15.0,2026-05-18 00:00:00
631,com.amazon.mp3,26.15.1,2026-05-19 00:00:00
632,com.google.android.apps.youtube.music,9.19.51,2026-05-19 00:00:00
633,com.amazon.mp3,7.5.4,2026-05-20 00:00:00
634,com.google.android.apps.youtube.music,9.20.52,2026-05-20 00:00:00
635,com.google.android.apps.youtube.music,5.25.51,2026-05-20 00:00:00
636,com.google.android.apps.youtube.music,9.20.40-WEAR_RELEASE,2026-05-20 00:00:00
637,com.soundcloud.android,2026.05.15-release,2026-05-20 00:00:00
638,com.amazon.mp3,22.15.12,2026-05-22 00:00:00
639,com.amazon.mp3,22.5.2,2026-05-22 00:00:00
640,com.google.android.apps.youtube.music,4.03.51,2026-05-22 00:00:00
641,com.google.android.apps.youtube.music,6.06.52,2026-05-23 00:00:00
642,com.google.android.apps.youtube.music,4.29.50,2026-05-23 00:00:00
643,com.google.android.apps.youtube.music,7.10.51,2026-05-23 00:00:00
644,com.google.android.apps.youtube.music,8.41.40-WEAR_RELEASE,2026-05-24 00:00:00
645,com.amazon.mp3,23.4.2,2026-05-25 00:00:00
646,com.amazon.mp3,26.16.0,2026-05-26 00:00:00
647,com.soundcloud.android,2026.05.21-release,2026-05-26 00:00:00
648,com.google.android.apps.youtube.music,7.17.51,2026-05-26 00:00:00
649,com.google.android.apps.youtube.music,6.42.53,2026-05-26 00:00:00
650,com.soundcloud.android,2026.05.21-beta,2026-05-26 00:00:00
651,com.google.android.apps.youtube.music,9.21.51,2026-05-27 00:00:00
652,com.google.android.apps.youtube.music,4.49.51,2026-05-27 00:00:00
653,com.google.android.apps.youtube.music,9.20.53,2026-05-27 00:00:00
654,com.google.android.apps.youtube.music,3.79.50,2026-05-28 00:00:00
655,com.google.android.apps.youtube.music,6.27.53,2026-05-28 00:00:00
656,com.amazon.mp3,26.16.1,2026-05-28 00:00:00
657,com.amazon.mp3,25.9.1,2026-05-28 00:00:00
658,com.amazon.mp3,22.9.0,2026-05-29 00:00:00
659,com.amazon.mp3,17.13.3,2026-05-29 00:00:00
660,com.soundcloud.android,2023.08.08-release,2026-05-29 00:00:00
661,com.google.android.apps.youtube.music,9.21.40-WEAR_RELEASE,2026-05-30 00:00:00
662,com.google.android.apps.youtube.music,5.38.53,2026-05-30 00:00:00
663,com.amazon.mp3,22.15.2,2026-05-31 00:00:00
664,com.google.android.apps.youtube.music,4.45.51,2026-05-31 00:00:00
665,com.google.android.apps.youtube.music,6.20.52,2026-06-01 00:00:00
666,com.amazon.mp3,17.9.0,2026-06-01 00:00:00
667,com.amazon.mp3,26.17.0,2026-06-01 00:00:00
668,com.soundcloud.android,15.05.26-release,2026-06-02 00:00:00
669,com.soundcloud.android,2026.05.29-release,2026-06-02 00:00:00
670,com.amazon.mp3,26.17.1,2026-06-02 00:00:00
671,com.amazon.mp3,7.4.7,2026-06-02 00:00:00
672,com.google.android.apps.youtube.music,9.22.53,2026-06-02 00:00:00
673,com.amazon.mp3,15.18.2,2026-06-02 00:00:00
674,com.jio.media.jiobeats,10.2.1,2026-06-03 00:00:00
675,com.jio.media.jiobeats,10.4.3,2026-06-03 00:00:00
676,com.jio.media.jiobeats,10.0.6,2026-06-03 00:00:00
677,com.jio.media.jiobeats,10.4.2,2026-06-03 00:00:00
678,com.jio.media.jiobeats,10.4.7,2026-06-03 00:00:00
679,com.jio.media.jiobeats,10.5,2026-06-03 00:00:00
680,com.jio.media.jiobeats,9.14.2,2026-06-03 00:00:00
681,com.jio.media.jiobeats,10.4.4,2026-06-03 00:00:00
682,com.jio.media.jiobeats,10.3.6,2026-06-03 00:00:00
683,com.jio.media.jiobeats,10.5.1,2026-06-03 00:00:00
684,com.jio.media.jiobeats,10.6.2,2026-06-03 00:00:00
685,com.jio.media.jiobeats,10.6.1,2026-06-03 00:00:00
686,com.google.android.apps.youtube.music,9.21.52,2026-06-03 00:00:00
687,com.jio.media.jiobeats,10.4.6,2026-06-03 00:00:00
688,com.jio.media.jiobeats,9.19.1,2026-06-04 00:00:00
689,com.jio.media.jiobeats,10.0.4,2026-06-04 00:00:00
690,com.jio.media.jiobeats,10.4.5,2026-06-04 00:00:00
691,com.jio.media.jiobeats,9.25.3.1,2026-06-04 00:00:00
692,com.jio.media.jiobeats,8.12.1,2026-06-04 00:00:00
693,com.jio.media.jiobeats,6.10.1,2026-06-04 00:00:00
694,com.jio.media.jiobeats,9.26.3,2026-06-04 00:00:00
695,com.jio.media.jiobeats,10.3.4,2026-06-04 00:00:00
696,com.jio.media.jiobeats,9.27.3,2026-06-04 00:00:00
697,com.jio.media.jiobeats,10.3.5,2026-06-04 00:00:00
698,com.google.android.apps.youtube.music,6.15.51,2026-06-04 00:00:00
699,com.amazon.mp3,17.8.2,2026-06-04 00:00:00
700,com.jio.media.jiobeats,9.28.3,2026-06-04 00:00:00
701,com.jio.media.jiobeats,10.1.1,2026-06-05 00:00:00
702,com.jio.media.jiobeats,9.28.1,2026-06-05 00:00:00
703,com.jio.media.jiobeats,9.12.3,2026-06-05 00:00:00
704,com.jio.media.jiobeats,9.24.4,2026-06-05 00:00:00
705,com.amazon.mp3,25.14.7,2026-06-05 00:00:00
706,com.soundcloud.android,2021.09.16-release,2026-06-05 00:00:00
707,com.amazon.mp3,23.3.0,2026-06-05 00:00:00
708,com.google.android.apps.youtube.music,6.45.54,2026-06-05 00:00:00
709,com.amazon.mp3,22.14.4,2026-06-05 00:00:00
710,com.jio.media.jiobeats,9.24.8,2026-06-05 00:00:00
711,com.jio.media.jiobeats,9.28.2,2026-06-05 00:00:00
712,com.amazon.mp3,22.14.5,2026-06-05 00:00:00
713,com.google.android.apps.youtube.music,9.22.41-WEAR_RELEASE,2026-06-06 00:00:00
714,com.amazon.mp3,16.13.1,2026-06-06 00:00:00
715,com.jio.media.jiobeats,7.6.1,2026-06-06 00:00:00
716,com.jio.media.jiobeats,8.1,2026-06-06 00:00:00
717,com.jio.media.jiobeats,9.25.2,2026-06-06 00:00:00
718,com.google.android.apps.youtube.music,4.19.51,2026-06-06 00:00:00
719,com.jio.media.jiobeats,10.3.3,2026-06-06 00:00:00
720,com.jio.media.jiobeats,9.14.4,2026-06-07 00:00:00
721,com.jio.media.jiobeats,9.10.2,2026-06-07 00:00:00
722,com.google.android.apps.youtube.music,4.67.51,2026-06-07 00:00:00
723,com.jio.media.jiobeats,9.23.4,2026-06-07 00:00:00
724,com.google.android.apps.youtube.music,8.30.52,2026-06-07 00:00:00
725,com.jio.media.jiobeats,9.15.4,2026-06-07 00:00:00
726,com.google.android.apps.youtube.music,7.15.51,2026-06-07 00:00:00
727,com.jio.media.jiobeats,9.22.2,2026-06-07 00:00:00
728,com.amazon.mp3,7.7.2_307070210,2026-06-07 00:00:00
729,com.amazon.mp3,17.16.6,2026-06-07 00:00:00
730,com.soundcloud.android,2026.06.03-release,2026-06-08 00:00:00
731,com.google.android.apps.youtube.music,5.26.52,2026-06-08 00:00:00
732,com.jio.media.jiobeats,10.6.3,2026-06-08 00:00:00
733,com.jio.media.jiobeats,9.21.1,2026-06-08 00:00:00
734,com.jio.media.jiobeats,9.24.7,2026-06-08 00:00:00
735,com.jio.media.jiobeats,10.0.5,2026-06-08 00:00:00
736,com.jio.media.jiobeats,9.20.2,2026-06-09 00:00:00
737,com.amazon.mp3,26.18.0,2026-06-09 00:00:00
738,com.jio.media.jiobeats,9.26.2,2026-06-09 00:00:00
739,com.google.android.apps.youtube.music,9.21.53,2026-06-10 00:00:00
740,com.jio.media.jiobeats,9.6.3,2026-06-10 00:00:00
741,com.jio.media.jiobeats,9.24.6,2026-06-10 00:00:00
742,com.google.android.apps.youtube.music,9.23.52,2026-06-10 00:00:00
743,com.jio.media.jiobeats,9.4.1,2026-06-10 00:00:00
744,com.jio.media.jiobeats,6.1,2026-06-10 00:00:00
745,com.google.android.apps.youtube.music,5.54.52,2026-06-10 00:00:00
746,com.google.android.apps.youtube.music,5.52.51,2026-06-11 00:00:00
747,com.jio.media.jiobeats,9.7.1,2026-06-11 00:00:00
748,com.google.android.apps.youtube.music,9.23.40-WEAR_RELEASE,2026-06-12 00:00:00
749,com.jio.media.jiobeats,10.3.1,2026-06-12 00:00:00
750,com.jio.media.jiobeats,8.15.1,2026-06-12 00:00:00
751,com.jio.media.jiobeats,9.14.5,2026-06-12 00:00:00
752,com.google.android.apps.youtube.music,9.03.53,2026-06-12 00:00:00
753,com.jio.media.jiobeats,8.12.2,2026-06-13 00:00:00
754,com.amazon.mp3,16.5.4,2026-06-13 00:00:00
755,com.jio.media.jiobeats,9.15.1,2026-06-13 00:00:00
756,com.jio.media.jiobeats,9.27.2,2026-06-13 00:00:00
757,com.google.android.apps.youtube.music,2.43.56,2026-06-13 00:00:00
758,com.jio.media.jiobeats,10.7,2026-06-13 00:00:00
759,com.jio.media.jiobeats,9.22,2026-06-13 00:00:00
760,com.jio.media.jiobeats,9.1.1,2026-06-14 00:00:00
761,com.jio.media.jiobeats,10.4.1,2026-06-14 00:00:00
762,com.soundcloud.android,2021.04.26-release,2026-06-15 00:00:00
763,com.jio.media.jiobeats,8.0.1,2026-06-15 00:00:00
764,com.google.android.apps.youtube.music,5.48.52,2026-06-15 00:00:00
765,com.jio.media.jiobeats,6.10.2,2026-06-15 00:00:00
766,com.amazon.mp3,26.19.0,2026-06-15 00:00:00
767,com.jio.media.jiobeats,8.9,2026-06-15 00:00:00
768,com.google.android.apps.youtube.music,4.59.50,2026-06-15 00:00:00
769,com.google.android.apps.youtube.music,9.23.53,2026-06-16 00:00:00
770,com.google.android.apps.youtube.music,9.24.51,2026-06-16 00:00:00
771,com.jio.media.jiobeats,8.6.1,2026-06-16 00:00:00
772,com.soundcloud.android,2026.06.10-release,2026-06-16 00:00:00
773,com.google.android.apps.youtube.music,5.03.50,2026-06-17 00:00:00
774,com.jio.media.jiobeats,8.5.2,2026-06-17 00:00:00
775,com.jio.media.jiobeats,9.21,2026-06-18 00:00:00
776,com.amazon.mp3,26.19.1,2026-06-18 00:00:00
777,com.google.android.apps.youtube.music,7.22.51,2026-06-18 00:00:00
778,com.jio.media.jiobeats,9.6.2,2026-06-19 00:00:00
779,com.jio.media.jiobeats,9.5.2,2026-06-19 00:00:00
780,com.jio.media.jiobeats,9.28,2026-06-19 00:00:00
781,com.google.android.apps.youtube.music,8.49.52,2026-06-20 00:00:00
782,com.amazon.mp3,23.15.1,2026-06-20 00:00:00
783,com.jio.media.jiobeats,9.5.1,2026-06-20 00:00:00
784,com.google.android.apps.youtube.music,9.24.40-WEAR_RELEASE,2026-06-20 00:00:00
785,com.jio.media.jiobeats,5.8.0,2026-06-20 00:00:00
786,com.jio.media.jiobeats,8.6.2,2026-06-21 00:00:00
787,com.amazon.mp3,25.18.7,2026-06-22 00:00:00
788,com.jio.media.jiobeats,9.20.1,2026-06-22 00:00:00
789,com.amazon.mp3,26.20.0,2026-06-22 00:00:00
790,com.soundcloud.android,2026.06.17-release,2026-06-22 00:00:00
791,com.jio.media.jiobeats,9.26.1,2026-06-22 00:00:00
792,com.google.android.apps.youtube.music,9.24.52,2026-06-23 00:00:00
793,com.jio.media.jiobeats,9.7.2,2026-06-23 00:00:00
794,com.google.android.apps.youtube.music,9.25.50,2026-06-23 00:00:00
795,com.amazon.mp3,2.0.13,2026-06-24 00:00:00
796,com.jio.media.jiobeats,9.11.3,2026-06-24 00:00:00
797,com.amazon.mp3,24.21.1,2026-06-24 00:00:00
798,com.jio.media.jiobeats,10.7.1,2026-06-24 00:00:00
799,com.amazon.mp3,26.20.1,2026-06-24 00:00:00
800,com.jio.media.jiobeats,9.8.1,2026-06-24 00:00:00
801,com.jio.media.jiobeats,9.15.2,2026-06-24 00:00:00
802,com.jio.media.jiobeats,9.2.1,2026-06-25 00:00:00
803,com.soundcloud.android,2026.06.24-release,2026-06-25 00:00:00
804,com.google.android.apps.youtube.music,5.42.50,2026-06-25 00:00:00
805,com.jio.media.jiobeats,6.12.1,2026-06-26 00:00:00
806,com.jio.media.jiobeats,9.0.2,2026-06-26 00:00:00
807,com.jio.media.jiobeats,9.18.2,2026-06-27 00:00:00
808,com.amazon.mp3,26.21.0,2026-06-29 00:00:00
809,com.amazon.mp3,22.13.9,2026-06-29 00:00:00
810,com.soundcloud.android,2019.06.11-release,2026-06-29 00:00:00
811,com.amazon.mp3,17.1.2,2026-06-30 00:00:00
812,com.google.android.apps.youtube.music,5.05.52,2026-06-30 00:00:00
813,com.soundcloud.android,2026.06.25-release,2026-06-30 00:00:00
814,com.jio.media.jiobeats,9.3,2026-07-01 00:00:00
815,com.jio.media.jiobeats,7.9.1,2026-07-01 00:00:00
816,com.google.android.apps.youtube.music,9.25.51,2026-07-02 00:00:00
817,com.jio.media.jiobeats,8.16.1,2026-07-02 00:00:00
818,com.amazon.mp3,26.21.1,2026-07-02 00:00:00
819,com.jio.media.jiobeats,5.7.0,2026-07-02 00:00:00
820,com.google.android.apps.youtube.music,9.26.51,2026-07-02 00:00:00
821,com.amazon.mp3,17.8.5,2026-07-02 00:00:00
822,com.soundcloud.android,2020.05.04-release,2026-07-03 00:00:00
823,com.google.android.apps.youtube.music,5.43.55,2026-07-03 00:00:00
824,com.google.android.apps.youtube.music,9.26.41-WEAR_RELEASE,2026-07-03 00:00:00
825,com.jio.media.jiobeats,10.0.3,2026-07-03 00:00:00
826,com.jio.media.jiobeats,5.10.1,2026-07-03 00:00:00
827,com.google.android.apps.youtube.music,7.12.51,2026-07-03 00:00:00
828,com.amazon.mp3,24.1.1,2026-07-04 00:00:00
829,com.jio.media.jiobeats,9.25.3,2026-07-04 00:00:00
830,com.amazon.mp3,23.2.0,2026-07-04 00:00:00
831,com.spotify.music,9.1.62.1601,2026-07-05 00:00:00
832,com.soundcloud.android,2022.03.18-release,2026-07-05 00:00:00
833,com.jio.media.jiobeats,9.19,2026-07-05 00:00:00
834,com.soundcloud.android,2018.09.03-release,2026-07-05 00:00:00
835,com.spotify.music,9.1.60.1970,2026-07-05 00:00:00
836,com.spotify.music,9.1.52.1388,2026-07-06 00:00:00
837,com.spotify.music,9.0.74.1121,2026-07-06 00:00:00
838,com.spotify.music,8.8.92.700,2026-07-06 00:00:00
839,com.spotify.music,9.0.90.1229,2026-07-06 00:00:00
840,com.spotify.music,9.0.36.697,2026-07-06 00:00:00
841,com.spotify.music,8.9.76.538,2026-07-06 00:00:00
842,com.spotify.music,9.1.52.1394,2026-07-06 00:00:00
843,com.jio.media.jiobeats,8.13.1,2026-07-06 00:00:00
844,com.spotify.music,9.1.4.1171,2026-07-06 00:00:00
845,com.amazon.mp3,26.22.0,2026-07-06 00:00:00
846,com.soundcloud.android,2026.07.03-release,2026-07-06 00:00:00
847,com.spotify.music,9.1.0.1147,2026-07-06 00:00:00
848,com.spotify.music,9.0.60.614,2026-07-06 00:00:00
849,com.spotify.music,8.9.4.304,2026-07-06 00:00:00
850,com.spotify.music,9.1.42.2058,2026-07-06 00:00:00
851,com.spotify.music,9.1.34.2060,2026-07-06 00:00:00
852,com.spotify.music,9.1.56.574,2026-07-06 00:00:00
853,com.spotify.music,9.1.58.1567,2026-07-06 00:00:00
854,com.spotify.music,9.1.44.2120,2026-07-06 00:00:00
855,com.spotify.music,9.1.40.1486,2026-07-06 00:00:00
856,com.spotify.music,8.8.6.472,2026-07-06 00:00:00
857,com.spotify.music,9.1.24.1739,2026-07-06 00:00:00
858,com.spotify.music,9.1.6.1139,2026-07-06 00:00:00
859,com.spotify.music,9.0.56.591,2026-07-06 00:00:00
860,com.spotify.music,8.7.8.1206,2026-07-06 00:00:00
861,com.spotify.music,8.7.2.1205,2026-07-06 00:00:00
862,com.spotify.music,9.1.22.1630,2026-07-06 00:00:00
863,com.spotify.music,9.0.94.274,2026-07-06 00:00:00
864,com.spotify.music,9.0.48.380,2026-07-06 00:00:00
865,com.spotify.music,9.1.50.1906,2026-07-07 00:00:00
866,com.amazon.mp3,16.14.3,2026-07-07 00:00:00
867,com.spotify.music,9.0.14.561,2026-07-07 00:00:00
868,com.spotify.music,8.9.64.548,2026-07-07 00:00:00
869,com.amazon.mp3,25.19.5,2026-07-07 00:00:00
870,com.spotify.music,9.0.78.1116,2026-07-07 00:00:00
871,com.spotify.music,9.0.22.543,2026-07-07 00:00:00
872,com.spotify.music,8.9.86.551,2026-07-07 00:00:00
873,com.spotify.music,9.1.28.2252,2026-07-07 00:00:00
874,com.spotify.music,9.1.32.2083,2026-07-07 00:00:00
875,com.spotify.music,9.1.16.1450,2026-07-07 00:00:00
876,com.spotify.music,8.7.54.403,2026-07-07 00:00:00
877,com.spotify.music,9.1.62.1598,2026-07-07 00:00:00
878,com.spotify.music,8.8.96.364,2026-07-07 00:00:00
879,com.jio.media.jiobeats,8.10.1,2026-07-08 00:00:00
880,com.jio.media.jiobeats,10.7.2,2026-07-08 00:00:00
881,com.spotify.music,9.1.36.1948,2026-07-08 00:00:00
882,com.spotify.music,9.0.64.608,2026-07-08 00:00:00
883,com.spotify.music,9.0.28.630,2026-07-08 00:00:00
884,com.spotify.music,8.9.82.607,2026-07-08 00:00:00
885,com.spotify.music,8.9.98.488,2026-07-08 00:00:00
886,com.spotify.music,8.8.74.652,2026-07-08 00:00:00
887,com.spotify.music,9.1.20.1452,2026-07-08 00:00:00
888,com.spotify.music,9.1.48.1663,2026-07-08 00:00:00
889,com.spotify.music,9.0.10.415,2026-07-08 00:00:00
890,com.spotify.music,9.0.34.593,2026-07-08 00:00:00
891,com.spotify.music,9.1.64.1671,2026-07-08 00:00:00
892,com.spotify.music,8.7.92.521,2026-07-08 00:00:00
893,com.spotify.music,8.9.30.433,2026-07-08 00:00:00
894,com.spotify.music,8.9.96.476,2026-07-08 00:00:00
895,com.spotify.music,9.1.18.1504,2026-07-08 00:00:00
896,com.spotify.music,9.0.62.622,2026-07-08 00:00:00
897,com.spotify.music,9.0.68.632,2026-07-08 00:00:00
898,com.spotify.music,8.9.24.633,2026-07-08 00:00:00
899,com.spotify.music,9.0.82.1032,2026-07-08 00:00:00
900,com.google.android.apps.youtube.music,4.47.54,2026-07-08 00:00:00
901,com.spotify.music,9.1.2.1253,2026-07-08 00:00:00
902,com.spotify.music,8.8.58.473,2026-07-08 00:00:00
903,com.spotify.music,9.0.76.1126,2026-07-09 00:00:00
904,com.amazon.mp3,26.22.1,2026-07-09 00:00:00
905,com.spotify.music,9.1.14.864,2026-07-09 00:00:00
906,com.spotify.music,9.0.66.655,2026-07-09 00:00:00
907,com.spotify.music,8.7.68.568,2026-07-09 00:00:00
908,com.spotify.music,8.6.70.1102,2026-07-09 00:00:00
909,com.spotify.music,9.1.30.1993,2026-07-09 00:00:00
910,com.spotify.music,9.0.18.604,2026-07-09 00:00:00
911,com.amazon.mp3,15.21.2,2026-07-09 00:00:00
912,com.jio.media.jiobeats,8.8.1,2026-07-09 00:00:00
913,com.spotify.music,8.8.46.529,2026-07-09 00:00:00
914,com.spotify.music,8.9.10.616,2026-07-09 00:00:00
915,com.spotify.music,8.5.48.1049,2026-07-09 00:00:00
916,com.spotify.music,8.7.40.777,2026-07-09 00:00:00
917,com.jio.media.jiobeats,10.1,2026-07-09 00:00:00
918,com.spotify.music,9.1.6.1145,2026-07-09 00:00:00
919,com.spotify.music,8.8.66.563,2026-07-09 00:00:00
920,com.spotify.music,9.0.84.1340,2026-07-09 00:00:00
921,com.google.android.apps.youtube.music,9.26.55,2026-07-09 00:00:00
922,com.spotify.music,8.8.40.470,2026-07-09 00:00:00
923,com.spotify.music,8.9.34.590,2026-07-09 00:00:00
924,com.spotify.music,8.9.40.509,2026-07-09 00:00:00
925,com.google.android.apps.youtube.music,9.26.54,2026-07-09 00:00:00
926,com.spotify.music,9.1.12.226,2026-07-09 00:00:00
927,com.spotify.music,9.0.46.496,2026-07-09 00:00:00
928,com.spotify.music,8.8.54.481,2026-07-09 00:00:00
929,com.spotify.music,9.0.96.826,2026-07-09 00:00:00
930,com.spotify.music,8.9.78.513,2026-07-09 00:00:00
931,com.spotify.music,9.1.64.1674,2026-07-10 00:00:00
932,com.spotify.music,9.0.20.604,2026-07-10 00:00:00
933,com.google.android.apps.youtube.music,3.88.51,2026-07-10 00:00:00
934,com.spotify.music,8.6.98.900,2026-07-10 00:00:00
935,com.spotify.music,9.0.40.391,2026-07-10 00:00:00
936,com.spotify.music,9.0.84.1314,2026-07-10 00:00:00
937,com.spotify.music,8.8.80.599,2026-07-10 00:00:00
938,com.amazon.mp3,22.4.2,2026-07-10 00:00:00
939,com.spotify.music,8.9.36.616,2026-07-10 00:00:00
940,com.spotify.music,8.7.86.422,2026-07-10 00:00:00
941,com.spotify.music,8.6.74.1176,2026-07-10 00:00:00
942,com.spotify.music,8.9.62.566,2026-07-10 00:00:00
943,com.spotify.music,8.9.92.408,2026-07-10 00:00:00
944,com.spotify.music,9.1.64.1676,2026-07-10 00:00:00
945,com.jio.media.jiobeats,1.8.1,2026-07-11 00:00:00
946,com.spotify.music,8.9.6.458,2026-07-11 00:00:00
947,com.spotify.music,8.9.84.594,2026-07-11 00:00:00
948,com.jio.media.jiobeats,9.9.1,2026-07-11 00:00:00
949,com.spotify.music,9.0.50.416,2026-07-11 00:00:00
950,com.spotify.music,8.9.44.368,2026-07-11 00:00:00
951,com.spotify.music,8.7.28.1217,2026-07-11 00:00:00
952,com.spotify.music,8.6.78.266,2026-07-11 00:00:00
953,com.soundcloud.android,2023.11.14-release,2026-07-11 00:00:00
954,com.amazon.mp3,8.0.2,2026-07-12 00:00:00
955,com.spotify.music,8.8.68.565,2026-07-12 00:00:00
956,com.spotify.music,9.0.44.478,2026-07-12 00:00:00
957,com.spotify.music,8.8.44.527,2026-07-12 00:00:00
958,com.spotify.music,9.1.20.1442,2026-07-12 00:00:00
959,com.jio.media.jiobeats,9.17.1,2026-07-12 00:00:00
960,com.spotify.music,8.6.48.796,2026-07-12 00:00:00
961,com.spotify.music,8.7.78.373,2026-07-12 00:00:00
962,com.spotify.music,8.5.5.853,2026-07-12 00:00:00
963,com.spotify.music,9.1.46.1922,2026-07-12 00:00:00
964,com.google.android.apps.youtube.music,8.36.52,2026-07-12 00:00:00
965,com.google.android.apps.youtube.music,5.10.52,2026-07-12 00:00:00
966,com.spotify.music,8.6.56.867,2026-07-12 00:00:00
967,com.spotify.music,8.6.20.1063,2026-07-12 00:00:00
968,com.jio.media.jiobeats,8.3.1,2026-07-12 00:00:00
969,com.spotify.music,8.8.2.434,2026-07-12 00:00:00
970,com.spotify.music,8.9.42.575,2026-07-13 00:00:00
971,com.spotify.music,9.1.50.1903,2026-07-13 00:00:00
972,com.spotify.music,8.8.36.522,2026-07-13 00:00:00
973,com.spotify.music,8.8.12.545,2026-07-13 00:00:00
974,com.spotify.music,8.7.36.905,2026-07-13 00:00:00
975,com.spotify.music,9.0.58.596,2026-07-13 00:00:00
976,com.spotify.music,9.0.86.1358,2026-07-13 00:00:00
977,com.amazon.mp3,7.4.4,2026-07-13 00:00:00
978,com.spotify.music,9.0.28.121,2026-07-13 00:00:00
979,com.spotify.music,9.0.80.1343,2026-07-13 00:00:00
980,com.spotify.music,8.8.4.518,2026-07-14 00:00:00
981,com.jio.media.jiobeats,9.26,2026-07-14 00:00:00
982,com.spotify.music,8.8.28.409,2026-07-14 00:00:00
983,com.spotify.music,8.9.20.574,2026-07-14 00:00:00
984,com.spotify.music,9.0.0.487,2026-07-14 00:00:00
985,com.google.android.apps.youtube.music,4.57.52,2026-07-14 00:00:00
986,com.spotify.music,9.0.30.642,2026-07-14 00:00:00
987,com.spotify.music,8.6.70.1093,2026-07-14 00:00:00
988,com.spotify.music,8.7.32.1554,2026-07-14 00:00:00
989,com.soundcloud.android,2026.07.10-release,2026-07-14 00:00:00
990,com.spotify.music,8.7.56.421,2026-07-14 00:00:00
991,com.spotify.music,9.0.72.967,2026-07-14 00:00:00
992,com.spotify.music,8.6.82.1113,2026-07-14 00:00:00
993,com.google.android.apps.youtube.music,5.17.51,2026-07-14 00:00:00
994,com.amazon.mp3,26.23.0,2026-07-14 00:00:00
995,com.spotify.music,8.9.70.556,2026-07-14 00:00:00
996,com.spotify.music,8.9.46.426,2026-07-15 00:00:00
997,com.spotify.music,8.9.26.592,2026-07-15 00:00:00
998,com.spotify.music,9.0.42.522,2026-07-15 00:00:00
999,com.spotify.music,9.0.54.518,2026-07-15 00:00:00
1000,com.jio.media.jiobeats,10.7.3,2026-07-15 00:00:00
1001,com.spotify.music,8.7.66.534,2026-07-15 00:00:00
1002,com.spotify.music,9.0.2.459,2026-07-15 00:00:00
1003,com.spotify.music,8.8.22.510,2026-07-15 00:00:00
1004,com.spotify.music,8.5.36.747,2026-07-15 00:00:00
1005,com.google.android.apps.youtube.music,7.14.40-WEAR_RELEASE,2026-07-15 00:00:00
1006,com.spotify.music,9.0.26.632,2026-07-15 00:00:00
1007,com.spotify.music,8.9.68.456,2026-07-15 00:00:00
1008,com.spotify.music,9.0.32.624,2026-07-15 00:00:00
1009,com.spotify.music,8.7.4.1056,2026-07-16 00:00:00
1010,com.google.android.apps.youtube.music,9.28.51,2026-07-16 00:00:00
1011,com.spotify.music,9.0.16.572,2026-07-16 00:00:00
1012,com.google.android.apps.youtube.music,4.34.52,2026-07-16 00:00:00
1013,com.soundcloud.android,2026.07.15-release,2026-07-16 00:00:00
1014,com.spotify.music,8.8.32.508,2026-07-16 00:00:00
1015,com.google.android.apps.youtube.music,5.04.51,2026-07-16 00:00:00
1016,com.spotify.music,8.9.90.127,2026-07-16 00:00:00
1017,com.spotify.music,8.7.84.382,2026-07-16 00:00:00
1018,com.spotify.music,8.7.44.968,2026-07-16 00:00:00
1019,com.spotify.music,8.9.14.543,2026-07-17 00:00:00
1020,com.jio.media.jiobeats,7.4,2026-07-17 00:00:00
1021,com.google.android.apps.youtube.music,9.26.56,2026-07-17 00:00:00
1022,com.spotify.music,9.0.20.603,2026-07-17 00:00:00
1023,com.jio.media.jiobeats,6.5,2026-07-17 00:00:00
1024,com.spotify.music,8.5.75.766,2026-07-17 00:00:00
1025,com.spotify.music,9.1.66.2156,2026-07-17 00:00:00
1026,com.spotify.music,8.8.64.554,2026-07-18 00:00:00
1027,com.spotify.music,8.6.42.671,2026-07-18 00:00:00
1028,com.spotify.music,8.9.82.620,2026-07-18 00:00:00
1029,com.spotify.music,8.9.80.581,2026-07-18 00:00:00
1030,com.spotify.music,8.9.78.4,2026-07-18 00:00:00
1031,com.spotify.music,8.9.74.568,2026-07-18 00:00:00
1032,com.soundcloud.android,2026.07.03-beta,2026-07-18 00:00:00
1033,com.spotify.music,8.9.66.543,2026-07-19 00:00:00
1034,com.spotify.music,9.0.52.505,2026-07-19 00:00:00
1035,com.amazon.mp3,15.17.2,2026-07-19 00:00:00
1036,com.spotify.music,8.7.74.443,2026-07-19 00:00:00
1037,com.spotify.music,9.1.66.2142,2026-07-19 00:00:00
1038,com.spotify.music,8.8.8.548,2026-07-19 00:00:00
1039,com.spotify.music,8.4.19.792,2026-07-19 00:00:00
1040,com.google.android.apps.youtube.music,4.35.51,2026-07-19 00:00:00
1041,com.spotify.music,7.2.0.1250,2026-07-19 00:00:00
1042,com.spotify.music,9.0.42.529,2026-07-19 00:00:00
1043,com.amazon.mp3,5.4.2,2026-07-20 00:00:00
1044,com.google.android.apps.youtube.music,8.26.52,2026-07-20 00:00:00
1045,com.amazon.mp3,26.24.0,2026-07-20 00:00:00
1046,com.spotify.music,9.1.26.2265,2026-07-20 00:00:00
1047,com.spotify.music,9.1.66.2133,2026-07-20 00:00:00
1048,com.spotify.music,8.9.58.572,2026-07-21 00:00:00
1049,com.spotify.music,8.5.96.936,2026-07-21 00:00:00
1050,com.jio.media.jiobeats,9.16.2,2026-07-21 00:00:00
1051,com.amazon.mp3,25.8.0,2026-07-21 00:00:00
1052,com.jio.media.jiobeats,6.1.3,2026-07-21 00:00:00
1053,com.spotify.music,8.8.88.397,2026-07-21 00:00:00
1054,com.spotify.music,9.0.8.127,2026-07-22 00:00:00
1055,com.spotify.music,8.9.8.545,2026-07-22 00:00:00
1056,com.spotify.music,8.9.52.552,2026-07-22 00:00:00
1057,com.spotify.music,9.1.68.1888,2026-07-22 00:00:00
1058,com.google.android.apps.youtube.music,9.28.54,2026-07-22 00:00:00
1059,com.spotify.music,9.1.68.1874,2026-07-22 00:00:00
1060,com.jio.media.jiobeats,1.8.3,2026-07-22 00:00:00
1061,com.spotify.music,8.6.66.1238,2026-07-22 00:00:00
1062,com.spotify.music,9.0.88.1405,2026-07-22 00:00:00
1063,com.google.android.apps.youtube.music,9.29.53,2026-07-23 00:00:00
1064,com.google.android.apps.youtube.music,9.28.41-WEAR_RELEASE,2026-07-23 00:00:00
1065,com.amazon.mp3,16.2.5,2026-07-23 00:00:00
1066,com.spotify.music,8.9.18.512,2026-07-23 00:00:00
1067,com.google.android.apps.youtube.music,9.28.53,2026-07-23 00:00:00
1068,com.spotify.music,8.7.0.1154,2026-07-23 00:00:00
1069,com.spotify.music,8.8.20.544,2026-07-23 00:00:00
1070,com.spotify.music,8.9.38.494,2026-07-23 00:00:00
1071,com.spotify.music,8.8.94.577,2026-07-23 00:00:00
1072,com.jio.media.jiobeats,10.8,2026-07-24 00:00:00
1073,com.amazon.mp3,26.25.0,2026-07-24 00:00:00
1074,com.spotify.music,8.6.64.1081,2026-07-24 00:00:00
1075,com.spotify.music,9.0.98.1187,2026-07-24 00:00:00
1076,com.spotify.music,8.8.52.458,2026-07-24 00:00:00
1077,com.spotify.music,8.6.32.925,2026-07-24 00:00:00
1078,com.google.android.apps.youtube.music,9.28.55,2026-07-24 00:00:00
1079,com.spotify.music,8.6.28.700,2026-07-24 00:00:00
1080,com.spotify.music,8.7.20.1261,2026-07-24 00:00:00
1081,com.google.android.apps.youtube.music,9.29.54,2026-07-25 00:00:00
1082,com.spotify.music,8.5.18.934,2026-07-25 00:00:00
1083,com.spotify.music,8.7.88.496,2026-07-25 00:00:00
1084,com.jio.media.jiobeats,9.23.2,2026-07-25 00:00:00
1085,com.spotify.music,8.4.38.621,2026-07-25 00:00:00
1086,com.spotify.music,8.9.56.618,2026-07-26 00:00:00
1087,com.spotify.music,8.8.76.667,2026-07-26 00:00:00
1088,com.spotify.music,8.5.89.901,2026-07-26 00:00:00
1089,com.google.android.apps.youtube.music,9.28.52,2026-07-27 00:00:00
1090,com.spotify.music,8.7.14.1332,2026-07-27 00:00:00
1091,com.spotify.music,9.1.24.1723,2026-07-27 00:00:00
1092,com.spotify.music,8.9.94.470,2026-07-27 00:00:00
1093,com.spotify.music,8.7.16.1354,2026-07-27 00:00:00
1094,com.spotify.music,9.1.48.1661,2026-07-27 00:00:00
1095,com.spotify.music,8.6.84.1240,2026-07-27 00:00:00
1096,com.google.android.apps.youtube.music,9.30.41-WEAR_RELEASE,2026-07-28 00:00:00
1097,com.google.android.apps.youtube.music,9.29.55,2026-07-28 00:00:00
1098,com.spotify.music,8.8.90.893,2026-07-28 00:00:00
1099,com.google.android.apps.youtube.music,9.30.52,2026-07-28 00:00:00
1100,com.google.android.apps.youtube.music,8.34.40-WEAR_RELEASE,2026-07-28 00:00:00
1101,com.amazon.mp3,24.12.0,2026-07-28 00:00:00
1102,com.jio.media.jiobeats,8.11.2,2026-07-28 00:00:00
1103,com.spotify.music,9.0.24.593,2026-07-28 00:00:00
1104,com.soundcloud.android,2026.07.23-release,2026-07-28 00:00:00
1105,com.spotify.music,6.0.0.864,2026-07-29 00:00:00
1106,com.spotify.music,8.9.32.624,2026-07-29 00:00:00
1107,com.google.android.apps.youtube.music,4.54.42-WEAR_RELEASE,2026-07-29 00:00:00
1108,com.spotify.music,9.1.70.1902,2026-07-29 00:00:00
1109,com.jio.media.jiobeats,8.16.2,2026-07-29 00:00:00
1110,com.spotify.music,9.1.70.1896,2026-07-30 00:00:00
1111,com.jio.media.jiobeats,9.4,2026-07-30 00:00:00
1112,com.amazon.mp3,16.18.0,2026-07-31 00:00:00
1113,com.spotify.music,8.7.64.478,2026-07-31 00:00:00
1114,com.jio.media.jiobeats,10.8.1,2026-07-31 00:00:00
1115,com.amazon.mp3,22.6.6,2026-07-31 00:00:00
1116,com.spotify.music,8.7.48.1062,2026-08-01 00:00:00
1117,com.spotify.music,9.0.24.601,2026-08-01 00:00:00
1118,com.jio.media.jiobeats,6.1.1,2026-08-01 00:00:00
1119,com.spotify.music,9.1.40.1482,2026-08-01 00:00:00
1120,com.spotify.music,8.6.14.975,2026-08-01 00:00:00
1121,com.soundcloud.android,,
1122,com.amazon.mp3,,
1123,com.google.android.apps.youtube.music,,
1124,com.jio.media.jiobeats,,
1125,com.spotify.music,,
