date,date_key,year,month,month_name,quarter,week_start
2025-02-20 00:00:00,20250220,2025,2,Feb 2025,Q1 2025,2025-02-17 00:00:00
2025-02-21 00:00:00,20250221,2025,2,Feb 2025,Q1 2025,2025-02-17 00:00:00
2025-02-22 00:00:00,20250222,2025,2,Feb 2025,Q1 2025,2025-02-17 00:00:00
2025-02-23 00:00:00,20250223,2025,2,Feb 2025,Q1 2025,2025-02-17 00:00:00
2025-02-24 00:00:00,20250224,2025,2,Feb 2025,Q1 2025,2025-02-24 00:00:00
2025-02-25 00:00:00,20250225,2025,2,Feb 2025,Q1 2025,2025-02-24 00:00:00
2025-02-26 00:00:00,20250226,2025,2,Feb 2025,Q1 2025,2025-02-24 00:00:00
2025-02-27 00:00:00,20250227,2025,2,Feb 2025,Q1 2025,2025-02-24 00:00:00
2025-02-28 00:00:00,20250228,2025,2,Feb 2025,Q1 2025,2025-02-24 00:00:00
2025-03-01 00:00:00,20250301,2025,3,Mar 2025,Q1 2025,2025-02-24 00:00:00
2025-03-02 00:00:00,20250302,2025,3,Mar 2025,Q1 2025,2025-02-24 00:00:00
2025-03-03 00:00:00,20250303,2025,3,Mar 2025,Q1 2025,2025-03-03 00:00:00
2025-03-04 00:00:00,20250304,2025,3,Mar 2025,Q1 2025,2025-03-03 00:00:00
2025-03-05 00:00:00,20250305,2025,3,Mar 2025,Q1 2025,2025-03-03 00:00:00
2025-03-06 00:00:00,20250306,2025,3,Mar 2025,Q1 2025,2025-03-03 00:00:00
2025-03-07 00:00:00,20250307,2025,3,Mar 2025,Q1 2025,2025-03-03 00:00:00
2025-03-08 00:00:00,20250308,2025,3,Mar 2025,Q1 2025,2025-03-03 00:00:00
2025-03-09 00:00:00,20250309,2025,3,Mar 2025,Q1 2025,2025-03-03 00:00:00
2025-03-10 00:00:00,20250310,2025,3,Mar 2025,Q1 2025,2025-03-10 00:00:00
2025-03-11 00:00:00,20250311,2025,3,Mar 2025,Q1 2025,2025-03-10 00:00:00
2025-03-12 00:00:00,20250312,2025,3,Mar 2025,Q1 2025,2025-03-10 00:00:00
2025-03-13 00:00:00,20250313,2025,3,Mar 2025,Q1 2025,2025-03-10 00:00:00
2025-03-14 00:00:00,20250314,2025,3,Mar 2025,Q1 2025,2025-03-10 00:00:00
2025-03-15 00:00:00,20250315,2025,3,Mar 2025,Q1 2025,2025-03-10 00:00:00
2025-03-16 00:00:00,20250316,2025,3,Mar 2025,Q1 2025,2025-03-10 00:00:00
2025-03-17 00:00:00,20250317,2025,3,Mar 2025,Q1 2025,2025-03-17 00:00:00
2025-03-18 00:00:00,20250318,2025,3,Mar 2025,Q1 2025,2025-03-17 00:00:00
2025-03-19 00:00:00,20250319,2025,3,Mar 2025,Q1 2025,2025-03-17 00:00:00
2025-03-20 00:00:00,20250320,2025,3,Mar 2025,Q1 2025,2025-03-17 00:00:00
2025-03-21 00:00:00,20250321,2025,3,Mar 2025,Q1 2025,2025-03-17 00:00:00
2025-03-22 00:00:00,20250322,2025,3,Mar 2025,Q1 2025,2025-03-17 00:00:00
2025-03-23 00:00:00,20250323,2025,3,Mar 2025,Q1 2025,2025-03-17 00:00:00
2025-03-24 00:00:00,20250324,2025,3,Mar 2025,Q1 2025,2025-03-24 00:00:00
2025-03-25 00:00:00,20250325,2025,3,Mar 2025,Q1 2025,2025-03-24 00:00:00
2025-03-26 00:00:00,20250326,2025,3,Mar 2025,Q1 2025,2025-03-24 00:00:00
2025-03-27 00:00:00,20250327,2025,3,Mar 2025,Q1 2025,2025-03-24 00:00:00
2025-03-28 00:00:00,20250328,2025,3,Mar 2025,Q1 2025,2025-03-24 00:00:00
2025-03-29 00:00:00,20250329,2025,3,Mar 2025,Q1 2025,2025-03-24 00:00:00
2025-03-30 00:00:00,20250330,2025,3,Mar 2025,Q1 2025,2025-03-24 00:00:00
2025-03-31 00:00:00,20250331,2025,3,Mar 2025,Q1 2025,2025-03-31 00:00:00
2025-04-01 00:00:00,20250401,2025,4,Apr 2025,Q2 2025,2025-03-31 00:00:00
2025-04-02 00:00:00,20250402,2025,4,Apr 2025,Q2 2025,2025-03-31 00:00:00
2025-04-03 00:00:00,20250403,2025,4,Apr 2025,Q2 2025,2025-03-31 00:00:00
2025-04-04 00:00:00,20250404,2025,4,Apr 2025,Q2 2025,2025-03-31 00:00:00
2025-04-05 00:00:00,20250405,2025,4,Apr 2025,Q2 2025,2025-03-31 00:00:00
2025-04-06 00:00:00,20250406,2025,4,Apr 2025,Q2 2025,2025-03-31 00:00:00
2025-04-07 00:00:00,20250407,2025,4,Apr 2025,Q2 2025,2025-04-07 00:00:00
2025-04-08 00:00:00,20250408,2025,4,Apr 2025,Q2 2025,2025-04-07 00:00:00
2025-04-09 00:00:00,20250409,2025,4,Apr 2025,Q2 2025,2025-04-07 00:00:00
2025-04-10 00:00:00,20250410,2025,4,Apr 2025,Q2 2025,2025-04-07 00:00:00
2025-04-11 00:00:00,20250411,2025,4,Apr 2025,Q2 2025,2025-04-07 00:00:00
2025-04-12 00:00:00,20250412,2025,4,Apr 2025,Q2 2025,2025-04-07 00:00:00
2025-04-13 00:00:00,20250413,2025,4,Apr 2025,Q2 2025,2025-04-07 00:00:00
2025-04-14 00:00:00,20250414,2025,4,Apr 2025,Q2 2025,2025-04-14 00:00:00
2025-04-15 00:00:00,20250415,2025,4,Apr 2025,Q2 2025,2025-04-14 00:00:00
2025-04-16 00:00:00,20250416,2025,4,Apr 2025,Q2 2025,2025-04-14 00:00:00
2025-04-17 00:00:00,20250417,2025,4,Apr 2025,Q2 2025,2025-04-14 00:00:00
2025-04-18 00:00:00,20250418,2025,4,Apr 2025,Q2 2025,2025-04-14 00:00:00
2025-04-19 00:00:00,20250419,2025,4,Apr 2025,Q2 2025,2025-04-14 00:00:00
2025-04-20 00:00:00,20250420,2025,4,Apr 2025,Q2 2025,2025-04-14 00:00:00
2025-04-21 00:00:00,20250421,2025,4,Apr 2025,Q2 2025,2025-04-21 00:00:00
2025-04-22 00:00:00,20250422,2025,4,Apr 2025,Q2 2025,2025-04-21 00:00:00
2025-04-23 00:00:00,20250423,2025,4,Apr 2025,Q2 2025,2025-04-21 00:00:00
2025-04-24 00:00:00,20250424,2025,4,Apr 2025,Q2 2025,2025-04-21 00:00:00
2025-04-25 00:00:00,20250425,2025,4,Apr 2025,Q2 2025,2025-04-21 00:00:00
2025-04-26 00:00:00,20250426,2025,4,Apr 2025,Q2 2025,2025-04-21 00:00:00
2025-04-27 00:00:00,20250427,2025,4,Apr 2025,Q2 2025,2025-04-21 00:00:00
2025-04-28 00:00:00,20250428,2025,4,Apr 2025,Q2 2025,2025-04-28 00:00:00
2025-04-29 00:00:00,20250429,2025,4,Apr 2025,Q2 2025,2025-04-28 00:00:00
2025-04-30 00:00:00,20250430,2025,4,Apr 2025,Q2 2025,2025-04-28 00:00:00
2025-05-01 00:00:00,20250501,2025,5,May 2025,Q2 2025,2025-04-28 00:00:00
2025-05-02 00:00:00,20250502,2025,5,May 2025,Q2 2025,2025-04-28 00:00:00
2025-05-03 00:00:00,20250503,2025,5,May 2025,Q2 2025,2025-04-28 00:00:00
2025-05-04 00:00:00,20250504,2025,5,May 2025,Q2 2025,2025-04-28 00:00:00
2025-05-05 00:00:00,20250505,2025,5,May 2025,Q2 2025,2025-05-05 00:00:00
2025-05-06 00:00:00,20250506,2025,5,May 2025,Q2 2025,2025-05-05 00:00:00
2025-05-07 00:00:00,20250507,2025,5,May 2025,Q2 2025,2025-05-05 00:00:00
2025-05-08 00:00:00,20250508,2025,5,May 2025,Q2 2025,2025-05-05 00:00:00
2025-05-09 00:00:00,20250509,2025,5,May 2025,Q2 2025,2025-05-05 00:00:00
2025-05-10 00:00:00,20250510,2025,5,May 2025,Q2 2025,2025-05-05 00:00:00
2025-05-11 00:00:00,20250511,2025,5,May 2025,Q2 2025,2025-05-05 00:00:00
2025-05-12 00:00:00,20250512,2025,5,May 2025,Q2 2025,2025-05-12 00:00:00
2025-05-13 00:00:00,20250513,2025,5,May 2025,Q2 2025,2025-05-12 00:00:00
2025-05-14 00:00:00,20250514,2025,5,May 2025,Q2 2025,2025-05-12 00:00:00
2025-05-15 00:00:00,20250515,2025,5,May 2025,Q2 2025,2025-05-12 00:00:00
2025-05-16 00:00:00,20250516,2025,5,May 2025,Q2 2025,2025-05-12 00:00:00
2025-05-17 00:00:00,20250517,2025,5,May 2025,Q2 2025,2025-05-12 00:00:00
2025-05-18 00:00:00,20250518,2025,5,May 2025,Q2 2025,2025-05-12 00:00:00
2025-05-19 00:00:00,20250519,2025,5,May 2025,Q2 2025,2025-05-19 00:00:00
2025-05-20 00:00:00,20250520,2025,5,May 2025,Q2 2025,2025-05-19 00:00:00
2025-05-21 00:00:00,20250521,2025,5,May 2025,Q2 2025,2025-05-19 00:00:00
2025-05-22 00:00:00,20250522,2025,5,May 2025,Q2 2025,2025-05-19 00:00:00
2025-05-23 00:00:00,20250523,2025,5,May 2025,Q2 2025,2025-05-19 00:00:00
2025-05-24 00:00:00,20250524,2025,5,May 2025,Q2 2025,2025-05-19 00:00:00
2025-05-25 00:00:00,20250525,2025,5,May 2025,Q2 2025,2025-05-19 00:00:00
2025-05-26 00:00:00,20250526,2025,5,May 2025,Q2 2025,2025-05-26 00:00:00
2025-05-27 00:00:00,20250527,2025,5,May 2025,Q2 2025,2025-05-26 00:00:00
2025-05-28 00:00:00,20250528,2025,5,May 2025,Q2 2025,2025-05-26 00:00:00
2025-05-29 00:00:00,20250529,2025,5,May 2025,Q2 2025,2025-05-26 00:00:00
2025-05-30 00:00:00,20250530,2025,5,May 2025,Q2 2025,2025-05-26 00:00:00
2025-05-31 00:00:00,20250531,2025,5,May 2025,Q2 2025,2025-05-26 00:00:00
2025-06-01 00:00:00,20250601,2025,6,Jun 2025,Q2 2025,2025-05-26 00:00:00
2025-06-02 00:00:00,20250602,2025,6,Jun 2025,Q2 2025,2025-06-02 00:00:00
2025-06-03 00:00:00,20250603,2025,6,Jun 2025,Q2 2025,2025-06-02 00:00:00
2025-06-04 00:00:00,20250604,2025,6,Jun 2025,Q2 2025,2025-06-02 00:00:00
2025-06-05 00:00:00,20250605,2025,6,Jun 2025,Q2 2025,2025-06-02 00:00:00
2025-06-06 00:00:00,20250606,2025,6,Jun 2025,Q2 2025,2025-06-02 00:00:00
2025-06-07 00:00:00,20250607,2025,6,Jun 2025,Q2 2025,2025-06-02 00:00:00
2025-06-08 00:00:00,20250608,2025,6,Jun 2025,Q2 2025,2025-06-02 00:00:00
2025-06-09 00:00:00,20250609,2025,6,Jun 2025,Q2 2025,2025-06-09 00:00:00
2025-06-10 00:00:00,20250610,2025,6,Jun 2025,Q2 2025,2025-06-09 00:00:00
2025-06-11 00:00:00,20250611,2025,6,Jun 2025,Q2 2025,2025-06-09 00:00:00
2025-06-12 00:00:00,20250612,2025,6,Jun 2025,Q2 2025,2025-06-09 00:00:00
2025-06-13 00:00:00,20250613,2025,6,Jun 2025,Q2 2025,2025-06-09 00:00:00
2025-06-14 00:00:00,20250614,2025,6,Jun 2025,Q2 2025,2025-06-09 00:00:00
2025-06-15 00:00:00,20250615,2025,6,Jun 2025,Q2 2025,2025-06-09 00:00:00
2025-06-16 00:00:00,20250616,2025,6,Jun 2025,Q2 2025,2025-06-16 00:00:00
2025-06-17 00:00:00,20250617,2025,6,Jun 2025,Q2 2025,2025-06-16 00:00:00
2025-06-18 00:00:00,20250618,2025,6,Jun 2025,Q2 2025,2025-06-16 00:00:00
2025-06-19 00:00:00,20250619,2025,6,Jun 2025,Q2 2025,2025-06-16 00:00:00
2025-06-20 00:00:00,20250620,2025,6,Jun 2025,Q2 2025,2025-06-16 00:00:00
2025-06-21 00:00:00,20250621,2025,6,Jun 2025,Q2 2025,2025-06-16 00:00:00
2025-06-22 00:00:00,20250622,2025,6,Jun 2025,Q2 2025,2025-06-16 00:00:00
2025-06-23 00:00:00,20250623,2025,6,Jun 2025,Q2 2025,2025-06-23 00:00:00
2025-06-24 00:00:00,20250624,2025,6,Jun 2025,Q2 2025,2025-06-23 00:00:00
2025-06-25 00:00:00,20250625,2025,6,Jun 2025,Q2 2025,2025-06-23 00:00:00
2025-06-26 00:00:00,20250626,2025,6,Jun 2025,Q2 2025,2025-06-23 00:00:00
2025-06-27 00:00:00,20250627,2025,6,Jun 2025,Q2 2025,2025-06-23 00:00:00
2025-06-28 00:00:00,20250628,2025,6,Jun 2025,Q2 2025,2025-06-23 00:00:00
2025-06-29 00:00:00,20250629,2025,6,Jun 2025,Q2 2025,2025-06-23 00:00:00
2025-06-30 00:00:00,20250630,2025,6,Jun 2025,Q2 2025,2025-06-30 00:00:00
2025-07-01 00:00:00,20250701,2025,7,Jul 2025,Q3 2025,2025-06-30 00:00:00
2025-07-02 00:00:00,20250702,2025,7,Jul 2025,Q3 2025,2025-06-30 00:00:00
2025-07-03 00:00:00,20250703,2025,7,Jul 2025,Q3 2025,2025-06-30 00:00:00
2025-07-04 00:00:00,20250704,2025,7,Jul 2025,Q3 2025,2025-06-30 00:00:00
2025-07-05 00:00:00,20250705,2025,7,Jul 2025,Q3 2025,2025-06-30 00:00:00
2025-07-06 00:00:00,20250706,2025,7,Jul 2025,Q3 2025,2025-06-30 00:00:00
2025-07-07 00:00:00,20250707,2025,7,Jul 2025,Q3 2025,2025-07-07 00:00:00
2025-07-08 00:00:00,20250708,2025,7,Jul 2025,Q3 2025,2025-07-07 00:00:00
2025-07-09 00:00:00,20250709,2025,7,Jul 2025,Q3 2025,2025-07-07 00:00:00
2025-07-10 00:00:00,20250710,2025,7,Jul 2025,Q3 2025,2025-07-07 00:00:00
2025-07-11 00:00:00,20250711,2025,7,Jul 2025,Q3 2025,2025-07-07 00:00:00
2025-07-12 00:00:00,20250712,2025,7,Jul 2025,Q3 2025,2025-07-07 00:00:00
2025-07-13 00:00:00,20250713,2025,7,Jul 2025,Q3 2025,2025-07-07 00:00:00
2025-07-14 00:00:00,20250714,2025,7,Jul 2025,Q3 2025,2025-07-14 00:00:00
2025-07-15 00:00:00,20250715,2025,7,Jul 2025,Q3 2025,2025-07-14 00:00:00
2025-07-16 00:00:00,20250716,2025,7,Jul 2025,Q3 2025,2025-07-14 00:00:00
2025-07-17 00:00:00,20250717,2025,7,Jul 2025,Q3 2025,2025-07-14 00:00:00
2025-07-18 00:00:00,20250718,2025,7,Jul 2025,Q3 2025,2025-07-14 00:00:00
2025-07-19 00:00:00,20250719,2025,7,Jul 2025,Q3 2025,2025-07-14 00:00:00
2025-07-20 00:00:00,20250720,2025,7,Jul 2025,Q3 2025,2025-07-14 00:00:00
2025-07-21 00:00:00,20250721,2025,7,Jul 2025,Q3 2025,2025-07-21 00:00:00
2025-07-22 00:00:00,20250722,2025,7,Jul 2025,Q3 2025,2025-07-21 00:00:00
2025-07-23 00:00:00,20250723,2025,7,Jul 2025,Q3 2025,2025-07-21 00:00:00
2025-07-24 00:00:00,20250724,2025,7,Jul 2025,Q3 2025,2025-07-21 00:00:00
2025-07-25 00:00:00,20250725,2025,7,Jul 2025,Q3 2025,2025-07-21 00:00:00
2025-07-26 00:00:00,20250726,2025,7,Jul 2025,Q3 2025,2025-07-21 00:00:00
2025-07-27 00:00:00,20250727,2025,7,Jul 2025,Q3 2025,2025-07-21 00:00:00
2025-07-28 00:00:00,20250728,2025,7,Jul 2025,Q3 2025,2025-07-28 00:00:00
2025-07-29 00:00:00,20250729,2025,7,Jul 2025,Q3 2025,2025-07-28 00:00:00
2025-07-30 00:00:00,20250730,2025,7,Jul 2025,Q3 2025,2025-07-28 00:00:00
2025-07-31 00:00:00,20250731,2025,7,Jul 2025,Q3 2025,2025-07-28 00:00:00
2025-08-01 00:00:00,20250801,2025,8,Aug 2025,Q3 2025,2025-07-28 00:00:00
2025-08-02 00:00:00,20250802,2025,8,Aug 2025,Q3 2025,2025-07-28 00:00:00
2025-08-03 00:00:00,20250803,2025,8,Aug 2025,Q3 2025,2025-07-28 00:00:00
2025-08-04 00:00:00,20250804,2025,8,Aug 2025,Q3 2025,2025-08-04 00:00:00
2025-08-05 00:00:00,20250805,2025,8,Aug 2025,Q3 2025,2025-08-04 00:00:00
2025-08-06 00:00:00,20250806,2025,8,Aug 2025,Q3 2025,2025-08-04 00:00:00
2025-08-07 00:00:00,20250807,2025,8,Aug 2025,Q3 2025,2025-08-04 00:00:00
2025-08-08 00:00:00,20250808,2025,8,Aug 2025,Q3 2025,2025-08-04 00:00:00
2025-08-09 00:00:00,20250809,2025,8,Aug 2025,Q3 2025,2025-08-04 00:00:00
2025-08-10 00:00:00,20250810,2025,8,Aug 2025,Q3 2025,2025-08-04 00:00:00
2025-08-11 00:00:00,20250811,2025,8,Aug 2025,Q3 2025,2025-08-11 00:00:00
2025-08-12 00:00:00,20250812,2025,8,Aug 2025,Q3 2025,2025-08-11 00:00:00
2025-08-13 00:00:00,20250813,2025,8,Aug 2025,Q3 2025,2025-08-11 00:00:00
2025-08-14 00:00:00,20250814,2025,8,Aug 2025,Q3 2025,2025-08-11 00:00:00
2025-08-15 00:00:00,20250815,2025,8,Aug 2025,Q3 2025,2025-08-11 00:00:00
2025-08-16 00:00:00,20250816,2025,8,Aug 2025,Q3 2025,2025-08-11 00:00:00
2025-08-17 00:00:00,20250817,2025,8,Aug 2025,Q3 2025,2025-08-11 00:00:00
2025-08-18 00:00:00,20250818,2025,8,Aug 2025,Q3 2025,2025-08-18 00:00:00
2025-08-19 00:00:00,20250819,2025,8,Aug 2025,Q3 2025,2025-08-18 00:00:00
2025-08-20 00:00:00,20250820,2025,8,Aug 2025,Q3 2025,2025-08-18 00:00:00
2025-08-21 00:00:00,20250821,2025,8,Aug 2025,Q3 2025,2025-08-18 00:00:00
2025-08-22 00:00:00,20250822,2025,8,Aug 2025,Q3 2025,2025-08-18 00:00:00
2025-08-23 00:00:00,20250823,2025,8,Aug 2025,Q3 2025,2025-08-18 00:00:00
2025-08-24 00:00:00,20250824,2025,8,Aug 2025,Q3 2025,2025-08-18 00:00:00
2025-08-25 00:00:00,20250825,2025,8,Aug 2025,Q3 2025,2025-08-25 00:00:00
2025-08-26 00:00:00,20250826,2025,8,Aug 2025,Q3 2025,2025-08-25 00:00:00
2025-08-27 00:00:00,20250827,2025,8,Aug 2025,Q3 2025,2025-08-25 00:00:00
2025-08-28 00:00:00,20250828,2025,8,Aug 2025,Q3 2025,2025-08-25 00:00:00
2025-08-29 00:00:00,20250829,2025,8,Aug 2025,Q3 2025,2025-08-25 00:00:00
2025-08-30 00:00:00,20250830,2025,8,Aug 2025,Q3 2025,2025-08-25 00:00:00
2025-08-31 00:00:00,20250831,2025,8,Aug 2025,Q3 2025,2025-08-25 00:00:00
2025-09-01 00:00:00,20250901,2025,9,Sep 2025,Q3 2025,2025-09-01 00:00:00
2025-09-02 00:00:00,20250902,2025,9,Sep 2025,Q3 2025,2025-09-01 00:00:00
2025-09-03 00:00:00,20250903,2025,9,Sep 2025,Q3 2025,2025-09-01 00:00:00
2025-09-04 00:00:00,20250904,2025,9,Sep 2025,Q3 2025,2025-09-01 00:00:00
2025-09-05 00:00:00,20250905,2025,9,Sep 2025,Q3 2025,2025-09-01 00:00:00
2025-09-06 00:00:00,20250906,2025,9,Sep 2025,Q3 2025,2025-09-01 00:00:00
2025-09-07 00:00:00,20250907,2025,9,Sep 2025,Q3 2025,2025-09-01 00:00:00
2025-09-08 00:00:00,20250908,2025,9,Sep 2025,Q3 2025,2025-09-08 00:00:00
2025-09-09 00:00:00,20250909,2025,9,Sep 2025,Q3 2025,2025-09-08 00:00:00
2025-09-10 00:00:00,20250910,2025,9,Sep 2025,Q3 2025,2025-09-08 00:00:00
2025-09-11 00:00:00,20250911,2025,9,Sep 2025,Q3 2025,2025-09-08 00:00:00
2025-09-12 00:00:00,20250912,2025,9,Sep 2025,Q3 2025,2025-09-08 00:00:00
2025-09-13 00:00:00,20250913,2025,9,Sep 2025,Q3 2025,2025-09-08 00:00:00
2025-09-14 00:00:00,20250914,2025,9,Sep 2025,Q3 2025,2025-09-08 00:00:00
2025-09-15 00:00:00,20250915,2025,9,Sep 2025,Q3 2025,2025-09-15 00:00:00
2025-09-16 00:00:00,20250916,2025,9,Sep 2025,Q3 2025,2025-09-15 00:00:00
2025-09-17 00:00:00,20250917,2025,9,Sep 2025,Q3 2025,2025-09-15 00:00:00
2025-09-18 00:00:00,20250918,2025,9,Sep 2025,Q3 2025,2025-09-15 00:00:00
2025-09-19 00:00:00,20250919,2025,9,Sep 2025,Q3 2025,2025-09-15 00:00:00
2025-09-20 00:00:00,20250920,2025,9,Sep 2025,Q3 2025,2025-09-15 00:00:00
2025-09-21 00:00:00,20250921,2025,9,Sep 2025,Q3 2025,2025-09-15 00:00:00
2025-09-22 00:00:00,20250922,2025,9,Sep 2025,Q3 2025,2025-09-22 00:00:00
2025-09-23 00:00:00,20250923,2025,9,Sep 2025,Q3 2025,2025-09-22 00:00:00
2025-09-24 00:00:00,20250924,2025,9,Sep 2025,Q3 2025,2025-09-22 00:00:00
2025-09-25 00:00:00,20250925,2025,9,Sep 2025,Q3 2025,2025-09-22 00:00:00
2025-09-26 00:00:00,20250926,2025,9,Sep 2025,Q3 2025,2025-09-22 00:00:00
2025-09-27 00:00:00,20250927,2025,9,Sep 2025,Q3 2025,2025-09-22 00:00:00
2025-09-28 00:00:00,20250928,2025,9,Sep 2025,Q3 2025,2025-09-22 00:00:00
2025-09-29 00:00:00,20250929,2025,9,Sep 2025,Q3 2025,2025-09-29 00:00:00
2025-09-30 00:00:00,20250930,2025,9,Sep 2025,Q3 2025,2025-09-29 00:00:00
2025-10-01 00:00:00,20251001,2025,10,Oct 2025,Q4 2025,2025-09-29 00:00:00
2025-10-02 00:00:00,20251002,2025,10,Oct 2025,Q4 2025,2025-09-29 00:00:00
2025-10-03 00:00:00,20251003,2025,10,Oct 2025,Q4 2025,2025-09-29 00:00:00
2025-10-04 00:00:00,20251004,2025,10,Oct 2025,Q4 2025,2025-09-29 00:00:00
2025-10-05 00:00:00,20251005,2025,10,Oct 2025,Q4 2025,2025-09-29 00:00:00
2025-10-06 00:00:00,20251006,2025,10,Oct 2025,Q4 2025,2025-10-06 00:00:00
2025-10-07 00:00:00,20251007,2025,10,Oct 2025,Q4 2025,2025-10-06 00:00:00
2025-10-08 00:00:00,20251008,2025,10,Oct 2025,Q4 2025,2025-10-06 00:00:00
2025-10-09 00:00:00,20251009,2025,10,Oct 2025,Q4 2025,2025-10-06 00:00:00
2025-10-10 00:00:00,20251010,2025,10,Oct 2025,Q4 2025,2025-10-06 00:00:00
2025-10-11 00:00:00,20251011,2025,10,Oct 2025,Q4 2025,2025-10-06 00:00:00
2025-10-12 00:00:00,20251012,2025,10,Oct 2025,Q4 2025,2025-10-06 00:00:00
2025-10-13 00:00:00,20251013,2025,10,Oct 2025,Q4 2025,2025-10-13 00:00:00
2025-10-14 00:00:00,20251014,2025,10,Oct 2025,Q4 2025,2025-10-13 00:00:00
2025-10-15 00:00:00,20251015,2025,10,Oct 2025,Q4 2025,2025-10-13 00:00:00
2025-10-16 00:00:00,20251016,2025,10,Oct 2025,Q4 2025,2025-10-13 00:00:00
2025-10-17 00:00:00,20251017,2025,10,Oct 2025,Q4 2025,2025-10-13 00:00:00
2025-10-18 00:00:00,20251018,2025,10,Oct 2025,Q4 2025,2025-10-13 00:00:00
2025-10-19 00:00:00,20251019,2025,10,Oct 2025,Q4 2025,2025-10-13 00:00:00
2025-10-20 00:00:00,20251020,2025,10,Oct 2025,Q4 2025,2025-10-20 00:00:00
2025-10-21 00:00:00,20251021,2025,10,Oct 2025,Q4 2025,2025-10-20 00:00:00
2025-10-22 00:00:00,20251022,2025,10,Oct 2025,Q4 2025,2025-10-20 00:00:00
2025-10-23 00:00:00,20251023,2025,10,Oct 2025,Q4 2025,2025-10-20 00:00:00
2025-10-24 00:00:00,20251024,2025,10,Oct 2025,Q4 2025,2025-10-20 00:00:00
2025-10-25 00:00:00,20251025,2025,10,Oct 2025,Q4 2025,2025-10-20 00:00:00
2025-10-26 00:00:00,20251026,2025,10,Oct 2025,Q4 2025,2025-10-20 00:00:00
2025-10-27 00:00:00,20251027,2025,10,Oct 2025,Q4 2025,2025-10-27 00:00:00
2025-10-28 00:00:00,20251028,2025,10,Oct 2025,Q4 2025,2025-10-27 00:00:00
2025-10-29 00:00:00,20251029,2025,10,Oct 2025,Q4 2025,2025-10-27 00:00:00
2025-10-30 00:00:00,20251030,2025,10,Oct 2025,Q4 2025,2025-10-27 00:00:00
2025-10-31 00:00:00,20251031,2025,10,Oct 2025,Q4 2025,2025-10-27 00:00:00
2025-11-01 00:00:00,20251101,2025,11,Nov 2025,Q4 2025,2025-10-27 00:00:00
2025-11-02 00:00:00,20251102,2025,11,Nov 2025,Q4 2025,2025-10-27 00:00:00
2025-11-03 00:00:00,20251103,2025,11,Nov 2025,Q4 2025,2025-11-03 00:00:00
2025-11-04 00:00:00,20251104,2025,11,Nov 2025,Q4 2025,2025-11-03 00:00:00
2025-11-05 00:00:00,20251105,2025,11,Nov 2025,Q4 2025,2025-11-03 00:00:00
2025-11-06 00:00:00,20251106,2025,11,Nov 2025,Q4 2025,2025-11-03 00:00:00
2025-11-07 00:00:00,20251107,2025,11,Nov 2025,Q4 2025,2025-11-03 00:00:00
2025-11-08 00:00:00,20251108,2025,11,Nov 2025,Q4 2025,2025-11-03 00:00:00
2025-11-09 00:00:00,20251109,2025,11,Nov 2025,Q4 2025,2025-11-03 00:00:00
2025-11-10 00:00:00,20251110,2025,11,Nov 2025,Q4 2025,2025-11-10 00:00:00
2025-11-11 00:00:00,20251111,2025,11,Nov 2025,Q4 2025,2025-11-10 00:00:00
2025-11-12 00:00:00,20251112,2025,11,Nov 2025,Q4 2025,2025-11-10 00:00:00
2025-11-13 00:00:00,20251113,2025,11,Nov 2025,Q4 2025,2025-11-10 00:00:00
2025-11-14 00:00:00,20251114,2025,11,Nov 2025,Q4 2025,2025-11-10 00:00:00
2025-11-15 00:00:00,20251115,2025,11,Nov 2025,Q4 2025,2025-11-10 00:00:00
2025-11-16 00:00:00,20251116,2025,11,Nov 2025,Q4 2025,2025-11-10 00:00:00
2025-11-17 00:00:00,20251117,2025,11,Nov 2025,Q4 2025,2025-11-17 00:00:00
2025-11-18 00:00:00,20251118,2025,11,Nov 2025,Q4 2025,2025-11-17 00:00:00
2025-11-19 00:00:00,20251119,2025,11,Nov 2025,Q4 2025,2025-11-17 00:00:00
2025-11-20 00:00:00,20251120,2025,11,Nov 2025,Q4 2025,2025-11-17 00:00:00
2025-11-21 00:00:00,20251121,2025,11,Nov 2025,Q4 2025,2025-11-17 00:00:00
2025-11-22 00:00:00,20251122,2025,11,Nov 2025,Q4 2025,2025-11-17 00:00:00
2025-11-23 00:00:00,20251123,2025,11,Nov 2025,Q4 2025,2025-11-17 00:00:00
2025-11-24 00:00:00,20251124,2025,11,Nov 2025,Q4 2025,2025-11-24 00:00:00
2025-11-25 00:00:00,20251125,2025,11,Nov 2025,Q4 2025,2025-11-24 00:00:00
2025-11-26 00:00:00,20251126,2025,11,Nov 2025,Q4 2025,2025-11-24 00:00:00
2025-11-27 00:00:00,20251127,2025,11,Nov 2025,Q4 2025,2025-11-24 00:00:00
2025-11-28 00:00:00,20251128,2025,11,Nov 2025,Q4 2025,2025-11-24 00:00:00
2025-11-29 00:00:00,20251129,2025,11,Nov 2025,Q4 2025,2025-11-24 00:00:00
2025-11-30 00:00:00,20251130,2025,11,Nov 2025,Q4 2025,2025-11-24 00:00:00
2025-12-01 00:00:00,20251201,2025,12,Dec 2025,Q4 2025,2025-12-01 00:00:00
2025-12-02 00:00:00,20251202,2025,12,Dec 2025,Q4 2025,2025-12-01 00:00:00
2025-12-03 00:00:00,20251203,2025,12,Dec 2025,Q4 2025,2025-12-01 00:00:00
2025-12-04 00:00:00,20251204,2025,12,Dec 2025,Q4 2025,2025-12-01 00:00:00
2025-12-05 00:00:00,20251205,2025,12,Dec 2025,Q4 2025,2025-12-01 00:00:00
2025-12-06 00:00:00,20251206,2025,12,Dec 2025,Q4 2025,2025-12-01 00:00:00
2025-12-07 00:00:00,20251207,2025,12,Dec 2025,Q4 2025,2025-12-01 00:00:00
2025-12-08 00:00:00,20251208,2025,12,Dec 2025,Q4 2025,2025-12-08 00:00:00
2025-12-09 00:00:00,20251209,2025,12,Dec 2025,Q4 2025,2025-12-08 00:00:00
2025-12-10 00:00:00,20251210,2025,12,Dec 2025,Q4 2025,2025-12-08 00:00:00
2025-12-11 00:00:00,20251211,2025,12,Dec 2025,Q4 2025,2025-12-08 00:00:00
2025-12-12 00:00:00,20251212,2025,12,Dec 2025,Q4 2025,2025-12-08 00:00:00
2025-12-13 00:00:00,20251213,2025,12,Dec 2025,Q4 2025,2025-12-08 00:00:00
2025-12-14 00:00:00,20251214,2025,12,Dec 2025,Q4 2025,2025-12-08 00:00:00
2025-12-15 00:00:00,20251215,2025,12,Dec 2025,Q4 2025,2025-12-15 00:00:00
2025-12-16 00:00:00,20251216,2025,12,Dec 2025,Q4 2025,2025-12-15 00:00:00
2025-12-17 00:00:00,20251217,2025,12,Dec 2025,Q4 2025,2025-12-15 00:00:00
2025-12-18 00:00:00,20251218,2025,12,Dec 2025,Q4 2025,2025-12-15 00:00:00
2025-12-19 00:00:00,20251219,2025,12,Dec 2025,Q4 2025,2025-12-15 00:00:00
2025-12-20 00:00:00,20251220,2025,12,Dec 2025,Q4 2025,2025-12-15 00:00:00
2025-12-21 00:00:00,20251221,2025,12,Dec 2025,Q4 2025,2025-12-15 00:00:00
2025-12-22 00:00:00,20251222,2025,12,Dec 2025,Q4 2025,2025-12-22 00:00:00
2025-12-23 00:00:00,20251223,2025,12,Dec 2025,Q4 2025,2025-12-22 00:00:00
2025-12-24 00:00:00,20251224,2025,12,Dec 2025,Q4 2025,2025-12-22 00:00:00
2025-12-25 00:00:00,20251225,2025,12,Dec 2025,Q4 2025,2025-12-22 00:00:00
2025-12-26 00:00:00,20251226,2025,12,Dec 2025,Q4 2025,2025-12-22 00:00:00
2025-12-27 00:00:00,20251227,2025,12,Dec 2025,Q4 2025,2025-12-22 00:00:00
2025-12-28 00:00:00,20251228,2025,12,Dec 2025,Q4 2025,2025-12-22 00:00:00
2025-12-29 00:00:00,20251229,2025,12,Dec 2025,Q4 2025,2025-12-29 00:00:00
2025-12-30 00:00:00,20251230,2025,12,Dec 2025,Q4 2025,2025-12-29 00:00:00
2025-12-31 00:00:00,20251231,2025,12,Dec 2025,Q4 2025,2025-12-29 00:00:00
2026-01-01 00:00:00,20260101,2026,1,Jan 2026,Q1 2026,2025-12-29 00:00:00
2026-01-02 00:00:00,20260102,2026,1,Jan 2026,Q1 2026,2025-12-29 00:00:00
2026-01-03 00:00:00,20260103,2026,1,Jan 2026,Q1 2026,2025-12-29 00:00:00
2026-01-04 00:00:00,20260104,2026,1,Jan 2026,Q1 2026,2025-12-29 00:00:00
2026-01-05 00:00:00,20260105,2026,1,Jan 2026,Q1 2026,2026-01-05 00:00:00
2026-01-06 00:00:00,20260106,2026,1,Jan 2026,Q1 2026,2026-01-05 00:00:00
2026-01-07 00:00:00,20260107,2026,1,Jan 2026,Q1 2026,2026-01-05 00:00:00
2026-01-08 00:00:00,20260108,2026,1,Jan 2026,Q1 2026,2026-01-05 00:00:00
2026-01-09 00:00:00,20260109,2026,1,Jan 2026,Q1 2026,2026-01-05 00:00:00
2026-01-10 00:00:00,20260110,2026,1,Jan 2026,Q1 2026,2026-01-05 00:00:00
2026-01-11 00:00:00,20260111,2026,1,Jan 2026,Q1 2026,2026-01-05 00:00:00
2026-01-12 00:00:00,20260112,2026,1,Jan 2026,Q1 2026,2026-01-12 00:00:00
2026-01-13 00:00:00,20260113,2026,1,Jan 2026,Q1 2026,2026-01-12 00:00:00
2026-01-14 00:00:00,20260114,2026,1,Jan 2026,Q1 2026,2026-01-12 00:00:00
2026-01-15 00:00:00,20260115,2026,1,Jan 2026,Q1 2026,2026-01-12 00:00:00
2026-01-16 00:00:00,20260116,2026,1,Jan 2026,Q1 2026,2026-01-12 00:00:00
2026-01-17 00:00:00,20260117,2026,1,Jan 2026,Q1 2026,2026-01-12 00:00:00
2026-01-18 00:00:00,20260118,2026,1,Jan 2026,Q1 2026,2026-01-12 00:00:00
2026-01-19 00:00:00,20260119,2026,1,Jan 2026,Q1 2026,2026-01-19 00:00:00
2026-01-20 00:00:00,20260120,2026,1,Jan 2026,Q1 2026,2026-01-19 00:00:00
2026-01-21 00:00:00,20260121,2026,1,Jan 2026,Q1 2026,2026-01-19 00:00:00
2026-01-22 00:00:00,20260122,2026,1,Jan 2026,Q1 2026,2026-01-19 00:00:00
2026-01-23 00:00:00,20260123,2026,1,Jan 2026,Q1 2026,2026-01-19 00:00:00
2026-01-24 00:00:00,20260124,2026,1,Jan 2026,Q1 2026,2026-01-19 00:00:00
2026-01-25 00:00:00,20260125,2026,1,Jan 2026,Q1 2026,2026-01-19 00:00:00
2026-01-26 00:00:00,20260126,2026,1,Jan 2026,Q1 2026,2026-01-26 00:00:00
2026-01-27 00:00:00,20260127,2026,1,Jan 2026,Q1 2026,2026-01-26 00:00:00
2026-01-28 00:00:00,20260128,2026,1,Jan 2026,Q1 2026,2026-01-26 00:00:00
2026-01-29 00:00:00,20260129,2026,1,Jan 2026,Q1 2026,2026-01-26 00:00:00
2026-01-30 00:00:00,20260130,2026,1,Jan 2026,Q1 2026,2026-01-26 00:00:00
2026-01-31 00:00:00,20260131,2026,1,Jan 2026,Q1 2026,2026-01-26 00:00:00
2026-02-01 00:00:00,20260201,2026,2,Feb 2026,Q1 2026,2026-01-26 00:00:00
2026-02-02 00:00:00,20260202,2026,2,Feb 2026,Q1 2026,2026-02-02 00:00:00
2026-02-03 00:00:00,20260203,2026,2,Feb 2026,Q1 2026,2026-02-02 00:00:00
2026-02-04 00:00:00,20260204,2026,2,Feb 2026,Q1 2026,2026-02-02 00:00:00
2026-02-05 00:00:00,20260205,2026,2,Feb 2026,Q1 2026,2026-02-02 00:00:00
2026-02-06 00:00:00,20260206,2026,2,Feb 2026,Q1 2026,2026-02-02 00:00:00
2026-02-07 00:00:00,20260207,2026,2,Feb 2026,Q1 2026,2026-02-02 00:00:00
2026-02-08 00:00:00,20260208,2026,2,Feb 2026,Q1 2026,2026-02-02 00:00:00
2026-02-09 00:00:00,20260209,2026,2,Feb 2026,Q1 2026,2026-02-09 00:00:00
2026-02-10 00:00:00,20260210,2026,2,Feb 2026,Q1 2026,2026-02-09 00:00:00
2026-02-11 00:00:00,20260211,2026,2,Feb 2026,Q1 2026,2026-02-09 00:00:00
2026-02-12 00:00:00,20260212,2026,2,Feb 2026,Q1 2026,2026-02-09 00:00:00
2026-02-13 00:00:00,20260213,2026,2,Feb 2026,Q1 2026,2026-02-09 00:00:00
2026-02-14 00:00:00,20260214,2026,2,Feb 2026,Q1 2026,2026-02-09 00:00:00
2026-02-15 00:00:00,20260215,2026,2,Feb 2026,Q1 2026,2026-02-09 00:00:00
2026-02-16 00:00:00,20260216,2026,2,Feb 2026,Q1 2026,2026-02-16 00:00:00
2026-02-17 00:00:00,20260217,2026,2,Feb 2026,Q1 2026,2026-02-16 00:00:00
2026-02-18 00:00:00,20260218,2026,2,Feb 2026,Q1 2026,2026-02-16 00:00:00
2026-02-19 00:00:00,20260219,2026,2,Feb 2026,Q1 2026,2026-02-16 00:00:00
2026-02-20 00:00:00,20260220,2026,2,Feb 2026,Q1 2026,2026-02-16 00:00:00
2026-02-21 00:00:00,20260221,2026,2,Feb 2026,Q1 2026,2026-02-16 00:00:00
2026-02-22 00:00:00,20260222,2026,2,Feb 2026,Q1 2026,2026-02-16 00:00:00
2026-02-23 00:00:00,20260223,2026,2,Feb 2026,Q1 2026,2026-02-23 00:00:00
2026-02-24 00:00:00,20260224,2026,2,Feb 2026,Q1 2026,2026-02-23 00:00:00
2026-02-25 00:00:00,20260225,2026,2,Feb 2026,Q1 2026,2026-02-23 00:00:00
2026-02-26 00:00:00,20260226,2026,2,Feb 2026,Q1 2026,2026-02-23 00:00:00
2026-02-27 00:00:00,20260227,2026,2,Feb 2026,Q1 2026,2026-02-23 00:00:00
2026-02-28 00:00:00,20260228,2026,2,Feb 2026,Q1 2026,2026-02-23 00:00:00
2026-03-01 00:00:00,20260301,2026,3,Mar 2026,Q1 2026,2026-02-23 00:00:00
2026-03-02 00:00:00,20260302,2026,3,Mar 2026,Q1 2026,2026-03-02 00:00:00
2026-03-03 00:00:00,20260303,2026,3,Mar 2026,Q1 2026,2026-03-02 00:00:00
2026-03-04 00:00:00,20260304,2026,3,Mar 2026,Q1 2026,2026-03-02 00:00:00
2026-03-05 00:00:00,20260305,2026,3,Mar 2026,Q1 2026,2026-03-02 00:00:00
2026-03-06 00:00:00,20260306,2026,3,Mar 2026,Q1 2026,2026-03-02 00:00:00
2026-03-07 00:00:00,20260307,2026,3,Mar 2026,Q1 2026,2026-03-02 00:00:00
2026-03-08 00:00:00,20260308,2026,3,Mar 2026,Q1 2026,2026-03-02 00:00:00
2026-03-09 00:00:00,20260309,2026,3,Mar 2026,Q1 2026,2026-03-09 00:00:00
2026-03-10 00:00:00,20260310,2026,3,Mar 2026,Q1 2026,2026-03-09 00:00:00
2026-03-11 00:00:00,20260311,2026,3,Mar 2026,Q1 2026,2026-03-09 00:00:00
2026-03-12 00:00:00,20260312,2026,3,Mar 2026,Q1 2026,2026-03-09 00:00:00
2026-03-13 00:00:00,20260313,2026,3,Mar 2026,Q1 2026,2026-03-09 00:00:00
2026-03-14 00:00:00,20260314,2026,3,Mar 2026,Q1 2026,2026-03-09 00:00:00
2026-03-15 00:00:00,20260315,2026,3,Mar 2026,Q1 2026,2026-03-09 00:00:00
2026-03-16 00:00:00,20260316,2026,3,Mar 2026,Q1 2026,2026-03-16 00:00:00
2026-03-17 00:00:00,20260317,2026,3,Mar 2026,Q1 2026,2026-03-16 00:00:00
2026-03-18 00:00:00,20260318,2026,3,Mar 2026,Q1 2026,2026-03-16 00:00:00
2026-03-19 00:00:00,20260319,2026,3,Mar 2026,Q1 2026,2026-03-16 00:00:00
2026-03-20 00:00:00,20260320,2026,3,Mar 2026,Q1 2026,2026-03-16 00:00:00
2026-03-21 00:00:00,20260321,2026,3,Mar 2026,Q1 2026,2026-03-16 00:00:00
2026-03-22 00:00:00,20260322,2026,3,Mar 2026,Q1 2026,2026-03-16 00:00:00
2026-03-23 00:00:00,20260323,2026,3,Mar 2026,Q1 2026,2026-03-23 00:00:00
2026-03-24 00:00:00,20260324,2026,3,Mar 2026,Q1 2026,2026-03-23 00:00:00
2026-03-25 00:00:00,20260325,2026,3,Mar 2026,Q1 2026,2026-03-23 00:00:00
2026-03-26 00:00:00,20260326,2026,3,Mar 2026,Q1 2026,2026-03-23 00:00:00
2026-03-27 00:00:00,20260327,2026,3,Mar 2026,Q1 2026,2026-03-23 00:00:00
2026-03-28 00:00:00,20260328,2026,3,Mar 2026,Q1 2026,2026-03-23 00:00:00
2026-03-29 00:00:00,20260329,2026,3,Mar 2026,Q1 2026,2026-03-23 00:00:00
2026-03-30 00:00:00,20260330,2026,3,Mar 2026,Q1 2026,2026-03-30 00:00:00
2026-03-31 00:00:00,20260331,2026,3,Mar 2026,Q1 2026,2026-03-30 00:00:00
2026-04-01 00:00:00,20260401,2026,4,Apr 2026,Q2 2026,2026-03-30 00:00:00
2026-04-02 00:00:00,20260402,2026,4,Apr 2026,Q2 2026,2026-03-30 00:00:00
2026-04-03 00:00:00,20260403,2026,4,Apr 2026,Q2 2026,2026-03-30 00:00:00
2026-04-04 00:00:00,20260404,2026,4,Apr 2026,Q2 2026,2026-03-30 00:00:00
2026-04-05 00:00:00,20260405,2026,4,Apr 2026,Q2 2026,2026-03-30 00:00:00
2026-04-06 00:00:00,20260406,2026,4,Apr 2026,Q2 2026,2026-04-06 00:00:00
2026-04-07 00:00:00,20260407,2026,4,Apr 2026,Q2 2026,2026-04-06 00:00:00
2026-04-08 00:00:00,20260408,2026,4,Apr 2026,Q2 2026,2026-04-06 00:00:00
2026-04-09 00:00:00,20260409,2026,4,Apr 2026,Q2 2026,2026-04-06 00:00:00
2026-04-10 00:00:00,20260410,2026,4,Apr 2026,Q2 2026,2026-04-06 00:00:00
2026-04-11 00:00:00,20260411,2026,4,Apr 2026,Q2 2026,2026-04-06 00:00:00
2026-04-12 00:00:00,20260412,2026,4,Apr 2026,Q2 2026,2026-04-06 00:00:00
2026-04-13 00:00:00,20260413,2026,4,Apr 2026,Q2 2026,2026-04-13 00:00:00
2026-04-14 00:00:00,20260414,2026,4,Apr 2026,Q2 2026,2026-04-13 00:00:00
2026-04-15 00:00:00,20260415,2026,4,Apr 2026,Q2 2026,2026-04-13 00:00:00
2026-04-16 00:00:00,20260416,2026,4,Apr 2026,Q2 2026,2026-04-13 00:00:00
2026-04-17 00:00:00,20260417,2026,4,Apr 2026,Q2 2026,2026-04-13 00:00:00
2026-04-18 00:00:00,20260418,2026,4,Apr 2026,Q2 2026,2026-04-13 00:00:00
2026-04-19 00:00:00,20260419,2026,4,Apr 2026,Q2 2026,2026-04-13 00:00:00
2026-04-20 00:00:00,20260420,2026,4,Apr 2026,Q2 2026,2026-04-20 00:00:00
2026-04-21 00:00:00,20260421,2026,4,Apr 2026,Q2 2026,2026-04-20 00:00:00
2026-04-22 00:00:00,20260422,2026,4,Apr 2026,Q2 2026,2026-04-20 00:00:00
2026-04-23 00:00:00,20260423,2026,4,Apr 2026,Q2 2026,2026-04-20 00:00:00
2026-04-24 00:00:00,20260424,2026,4,Apr 2026,Q2 2026,2026-04-20 00:00:00
2026-04-25 00:00:00,20260425,2026,4,Apr 2026,Q2 2026,2026-04-20 00:00:00
2026-04-26 00:00:00,20260426,2026,4,Apr 2026,Q2 2026,2026-04-20 00:00:00
2026-04-27 00:00:00,20260427,2026,4,Apr 2026,Q2 2026,2026-04-27 00:00:00
2026-04-28 00:00:00,20260428,2026,4,Apr 2026,Q2 2026,2026-04-27 00:00:00
2026-04-29 00:00:00,20260429,2026,4,Apr 2026,Q2 2026,2026-04-27 00:00:00
2026-04-30 00:00:00,20260430,2026,4,Apr 2026,Q2 2026,2026-04-27 00:00:00
2026-05-01 00:00:00,20260501,2026,5,May 2026,Q2 2026,2026-04-27 00:00:00
2026-05-02 00:00:00,20260502,2026,5,May 2026,Q2 2026,2026-04-27 00:00:00
2026-05-03 00:00:00,20260503,2026,5,May 2026,Q2 2026,2026-04-27 00:00:00
2026-05-04 00:00:00,20260504,2026,5,May 2026,Q2 2026,2026-05-04 00:00:00
2026-05-05 00:00:00,20260505,2026,5,May 2026,Q2 2026,2026-05-04 00:00:00
2026-05-06 00:00:00,20260506,2026,5,May 2026,Q2 2026,2026-05-04 00:00:00
2026-05-07 00:00:00,20260507,2026,5,May 2026,Q2 2026,2026-05-04 00:00:00
2026-05-08 00:00:00,20260508,2026,5,May 2026,Q2 2026,2026-05-04 00:00:00
2026-05-09 00:00:00,20260509,2026,5,May 2026,Q2 2026,2026-05-04 00:00:00
2026-05-10 00:00:00,20260510,2026,5,May 2026,Q2 2026,2026-05-04 00:00:00
2026-05-11 00:00:00,20260511,2026,5,May 2026,Q2 2026,2026-05-11 00:00:00
2026-05-12 00:00:00,20260512,2026,5,May 2026,Q2 2026,2026-05-11 00:00:00
2026-05-13 00:00:00,20260513,2026,5,May 2026,Q2 2026,2026-05-11 00:00:00
2026-05-14 00:00:00,20260514,2026,5,May 2026,Q2 2026,2026-05-11 00:00:00
2026-05-15 00:00:00,20260515,2026,5,May 2026,Q2 2026,2026-05-11 00:00:00
2026-05-16 00:00:00,20260516,2026,5,May 2026,Q2 2026,2026-05-11 00:00:00
2026-05-17 00:00:00,20260517,2026,5,May 2026,Q2 2026,2026-05-11 00:00:00
2026-05-18 00:00:00,20260518,2026,5,May 2026,Q2 2026,2026-05-18 00:00:00
2026-05-19 00:00:00,20260519,2026,5,May 2026,Q2 2026,2026-05-18 00:00:00
2026-05-20 00:00:00,20260520,2026,5,May 2026,Q2 2026,2026-05-18 00:00:00
2026-05-21 00:00:00,20260521,2026,5,May 2026,Q2 2026,2026-05-18 00:00:00
2026-05-22 00:00:00,20260522,2026,5,May 2026,Q2 2026,2026-05-18 00:00:00
2026-05-23 00:00:00,20260523,2026,5,May 2026,Q2 2026,2026-05-18 00:00:00
2026-05-24 00:00:00,20260524,2026,5,May 2026,Q2 2026,2026-05-18 00:00:00
2026-05-25 00:00:00,20260525,2026,5,May 2026,Q2 2026,2026-05-25 00:00:00
2026-05-26 00:00:00,20260526,2026,5,May 2026,Q2 2026,2026-05-25 00:00:00
2026-05-27 00:00:00,20260527,2026,5,May 2026,Q2 2026,2026-05-25 00:00:00
2026-05-28 00:00:00,20260528,2026,5,May 2026,Q2 2026,2026-05-25 00:00:00
2026-05-29 00:00:00,20260529,2026,5,May 2026,Q2 2026,2026-05-25 00:00:00
2026-05-30 00:00:00,20260530,2026,5,May 2026,Q2 2026,2026-05-25 00:00:00
2026-05-31 00:00:00,20260531,2026,5,May 2026,Q2 2026,2026-05-25 00:00:00
2026-06-01 00:00:00,20260601,2026,6,Jun 2026,Q2 2026,2026-06-01 00:00:00
2026-06-02 00:00:00,20260602,2026,6,Jun 2026,Q2 2026,2026-06-01 00:00:00
2026-06-03 00:00:00,20260603,2026,6,Jun 2026,Q2 2026,2026-06-01 00:00:00
2026-06-04 00:00:00,20260604,2026,6,Jun 2026,Q2 2026,2026-06-01 00:00:00
2026-06-05 00:00:00,20260605,2026,6,Jun 2026,Q2 2026,2026-06-01 00:00:00
2026-06-06 00:00:00,20260606,2026,6,Jun 2026,Q2 2026,2026-06-01 00:00:00
2026-06-07 00:00:00,20260607,2026,6,Jun 2026,Q2 2026,2026-06-01 00:00:00
2026-06-08 00:00:00,20260608,2026,6,Jun 2026,Q2 2026,2026-06-08 00:00:00
2026-06-09 00:00:00,20260609,2026,6,Jun 2026,Q2 2026,2026-06-08 00:00:00
2026-06-10 00:00:00,20260610,2026,6,Jun 2026,Q2 2026,2026-06-08 00:00:00
2026-06-11 00:00:00,20260611,2026,6,Jun 2026,Q2 2026,2026-06-08 00:00:00
2026-06-12 00:00:00,20260612,2026,6,Jun 2026,Q2 2026,2026-06-08 00:00:00
2026-06-13 00:00:00,20260613,2026,6,Jun 2026,Q2 2026,2026-06-08 00:00:00
2026-06-14 00:00:00,20260614,2026,6,Jun 2026,Q2 2026,2026-06-08 00:00:00
2026-06-15 00:00:00,20260615,2026,6,Jun 2026,Q2 2026,2026-06-15 00:00:00
2026-06-16 00:00:00,20260616,2026,6,Jun 2026,Q2 2026,2026-06-15 00:00:00
2026-06-17 00:00:00,20260617,2026,6,Jun 2026,Q2 2026,2026-06-15 00:00:00
2026-06-18 00:00:00,20260618,2026,6,Jun 2026,Q2 2026,2026-06-15 00:00:00
2026-06-19 00:00:00,20260619,2026,6,Jun 2026,Q2 2026,2026-06-15 00:00:00
2026-06-20 00:00:00,20260620,2026,6,Jun 2026,Q2 2026,2026-06-15 00:00:00
2026-06-21 00:00:00,20260621,2026,6,Jun 2026,Q2 2026,2026-06-15 00:00:00
2026-06-22 00:00:00,20260622,2026,6,Jun 2026,Q2 2026,2026-06-22 00:00:00
2026-06-23 00:00:00,20260623,2026,6,Jun 2026,Q2 2026,2026-06-22 00:00:00
2026-06-24 00:00:00,20260624,2026,6,Jun 2026,Q2 2026,2026-06-22 00:00:00
2026-06-25 00:00:00,20260625,2026,6,Jun 2026,Q2 2026,2026-06-22 00:00:00
2026-06-26 00:00:00,20260626,2026,6,Jun 2026,Q2 2026,2026-06-22 00:00:00
2026-06-27 00:00:00,20260627,2026,6,Jun 2026,Q2 2026,2026-06-22 00:00:00
2026-06-28 00:00:00,20260628,2026,6,Jun 2026,Q2 2026,2026-06-22 00:00:00
2026-06-29 00:00:00,20260629,2026,6,Jun 2026,Q2 2026,2026-06-29 00:00:00
2026-06-30 00:00:00,20260630,2026,6,Jun 2026,Q2 2026,2026-06-29 00:00:00
2026-07-01 00:00:00,20260701,2026,7,Jul 2026,Q3 2026,2026-06-29 00:00:00
2026-07-02 00:00:00,20260702,2026,7,Jul 2026,Q3 2026,2026-06-29 00:00:00
2026-07-03 00:00:00,20260703,2026,7,Jul 2026,Q3 2026,2026-06-29 00:00:00
2026-07-04 00:00:00,20260704,2026,7,Jul 2026,Q3 2026,2026-06-29 00:00:00
2026-07-05 00:00:00,20260705,2026,7,Jul 2026,Q3 2026,2026-06-29 00:00:00
2026-07-06 00:00:00,20260706,2026,7,Jul 2026,Q3 2026,2026-07-06 00:00:00
2026-07-07 00:00:00,20260707,2026,7,Jul 2026,Q3 2026,2026-07-06 00:00:00
2026-07-08 00:00:00,20260708,2026,7,Jul 2026,Q3 2026,2026-07-06 00:00:00
2026-07-09 00:00:00,20260709,2026,7,Jul 2026,Q3 2026,2026-07-06 00:00:00
2026-07-10 00:00:00,20260710,2026,7,Jul 2026,Q3 2026,2026-07-06 00:00:00
2026-07-11 00:00:00,20260711,2026,7,Jul 2026,Q3 2026,2026-07-06 00:00:00
2026-07-12 00:00:00,20260712,2026,7,Jul 2026,Q3 2026,2026-07-06 00:00:00
2026-07-13 00:00:00,20260713,2026,7,Jul 2026,Q3 2026,2026-07-13 00:00:00
2026-07-14 00:00:00,20260714,2026,7,Jul 2026,Q3 2026,2026-07-13 00:00:00
2026-07-15 00:00:00,20260715,2026,7,Jul 2026,Q3 2026,2026-07-13 00:00:00
2026-07-16 00:00:00,20260716,2026,7,Jul 2026,Q3 2026,2026-07-13 00:00:00
2026-07-17 00:00:00,20260717,2026,7,Jul 2026,Q3 2026,2026-07-13 00:00:00
2026-07-18 00:00:00,20260718,2026,7,Jul 2026,Q3 2026,2026-07-13 00:00:00
2026-07-19 00:00:00,20260719,2026,7,Jul 2026,Q3 2026,2026-07-13 00:00:00
2026-07-20 00:00:00,20260720,2026,7,Jul 2026,Q3 2026,2026-07-20 00:00:00
2026-07-21 00:00:00,20260721,2026,7,Jul 2026,Q3 2026,2026-07-20 00:00:00
2026-07-22 00:00:00,20260722,2026,7,Jul 2026,Q3 2026,2026-07-20 00:00:00
2026-07-23 00:00:00,20260723,2026,7,Jul 2026,Q3 2026,2026-07-20 00:00:00
2026-07-24 00:00:00,20260724,2026,7,Jul 2026,Q3 2026,2026-07-20 00:00:00
2026-07-25 00:00:00,20260725,2026,7,Jul 2026,Q3 2026,2026-07-20 00:00:00
2026-07-26 00:00:00,20260726,2026,7,Jul 2026,Q3 2026,2026-07-20 00:00:00
2026-07-27 00:00:00,20260727,2026,7,Jul 2026,Q3 2026,2026-07-27 00:00:00
2026-07-28 00:00:00,20260728,2026,7,Jul 2026,Q3 2026,2026-07-27 00:00:00
2026-07-29 00:00:00,20260729,2026,7,Jul 2026,Q3 2026,2026-07-27 00:00:00
2026-07-30 00:00:00,20260730,2026,7,Jul 2026,Q3 2026,2026-07-27 00:00:00
2026-07-31 00:00:00,20260731,2026,7,Jul 2026,Q3 2026,2026-07-27 00:00:00
2026-08-01 00:00:00,20260801,2026,8,Aug 2026,Q3 2026,2026-07-27 00:00:00
