app_name,app_version,version_release_date,review_count,avg_rating,avg_sentiment,rating_change_vs_prev,sentiment_change_vs_prev
Amazon Music,,,2404,3.16,0.213,,
Amazon Music,25.9.2,2025-12-09 00:00:00,7,2.43,0.016,-0.73,-0.197
Amazon Music,23.6.1,2025-12-09 00:00:00,2,4.5,0.388,2.07,0.372
Amazon Music,25.24.0,2025-12-09 00:00:00,28,3.79,0.316,-0.71,-0.072
Amazon Music,25.21.5,2025-12-09 00:00:00,28,3.36,0.182,-0.43,-0.134
Amazon Music,23.12.1,2025-12-09 00:00:00,1,3.0,0.842,-0.36,0.66
Amazon Music,25.22.6,2025-12-09 00:00:00,11,3.27,-0.003,0.27,-0.845
Amazon Music,25.25.0,2025-12-09 00:00:00,2641,3.78,0.346,0.51,0.349
Amazon Music,25.23.0,2025-12-09 00:00:00,301,3.34,0.263,-0.44,-0.083
Amazon Music,25.24.5,2025-12-09 00:00:00,215,3.86,0.323,0.52,0.06
Amazon Music,25.23.6,2025-12-09 00:00:00,16,3.56,0.201,-0.3,-0.122
Amazon Music,25.16.0,2025-12-10 00:00:00,29,3.31,0.294,-0.25,0.093
Amazon Music,25.19.0,2025-12-10 00:00:00,13,3.54,0.204,0.23,-0.09
Amazon Music,25.20.6,2025-12-10 00:00:00,6,1.17,-0.36,-2.37,-0.564
Amazon Music,17.18.1,2025-12-10 00:00:00,5,1.2,0.022,0.03,0.382
Amazon Music,24.8.0,2025-12-10 00:00:00,152,3.18,0.199,1.98,0.177
Amazon Music,25.13.5,2025-12-10 00:00:00,5,2.6,0.071,-0.58,-0.128
Amazon Music,5.3.0,2025-12-10 00:00:00,3,3.0,-0.002,0.4,-0.073
Amazon Music,25.15.5,2025-12-10 00:00:00,6,2.83,-0.024,-0.17,-0.022
Amazon Music,25.20.0,2025-12-11 00:00:00,9,2.67,-0.008,-0.16,0.016
Amazon Music,24.1.5,2025-12-11 00:00:00,3,3.67,0.612,1.0,0.62
Amazon Music,25.23.5,2025-12-11 00:00:00,7,3.71,0.341,0.04,-0.271
Amazon Music,25.15.0,2025-12-12 00:00:00,17,2.76,0.164,-0.95,-0.177
Amazon Music,24.11.1,2025-12-12 00:00:00,2,1.0,0.142,-1.76,-0.022
Amazon Music,25.11.1,2025-12-12 00:00:00,6,1.67,-0.029,0.67,-0.171
Amazon Music,24.18.2,2025-12-12 00:00:00,4,1.5,-0.007,-0.17,0.022
Amazon Music,24.2.0,2025-12-12 00:00:00,70,3.69,0.375,2.19,0.382
Amazon Music,23.5.0,2025-12-12 00:00:00,4,1.0,-0.134,-2.69,-0.509
Amazon Music,24.16.3,2025-12-12 00:00:00,5,2.6,0.018,1.6,0.152
Amazon Music,25.18.0,2025-12-13 00:00:00,10,2.8,0.385,0.2,0.367
Amazon Music,23.13.2,2025-12-13 00:00:00,3,1.0,0.189,-1.8,-0.196
Amazon Music,25.7.0,2025-12-13 00:00:00,1,5.0,0.637,4.0,0.448
Amazon Music,25.5.0,2025-12-13 00:00:00,9,2.78,0.031,-2.22,-0.606
Amazon Music,25.22.0,2025-12-13 00:00:00,3,3.0,0.501,0.22,0.47
Amazon Music,15.20.1,2025-12-13 00:00:00,4,3.0,0.111,0.0,-0.39
Amazon Music,25.17.2,2025-12-14 00:00:00,3,3.67,0.787,0.67,0.676
Amazon Music,17.14.1,2025-12-14 00:00:00,5,2.0,0.032,-1.67,-0.755
Amazon Music,24.14.0,2025-12-14 00:00:00,1,3.0,0.361,1.0,0.329
Amazon Music,23.12.0,2025-12-14 00:00:00,12,3.17,0.275,0.17,-0.086
Amazon Music,22.11.2,2025-12-15 00:00:00,6,1.67,-0.091,-1.5,-0.366
Amazon Music,24.17.2,2025-12-15 00:00:00,1,3.0,0.914,1.33,1.005
Amazon Music,16.10.3,2025-12-16 00:00:00,1,2.0,-0.459,-1.0,-1.373
Amazon Music,23.12.6,2025-12-16 00:00:00,3,2.33,-0.187,0.33,0.272
Amazon Music,23.13.1,2025-12-17 00:00:00,50,3.12,0.248,0.79,0.435
Amazon Music,24.4.0,2025-12-17 00:00:00,9,3.67,0.516,0.55,0.268
Amazon Music,22.15.0,2025-12-17 00:00:00,3,2.67,0.244,-1.0,-0.272
Amazon Music,23.7.2,2025-12-17 00:00:00,2,1.0,-0.577,-1.67,-0.821
Amazon Music,17.2.4,2025-12-17 00:00:00,1,5.0,0.66,4.0,1.237
Amazon Music,23.10.0,2025-12-18 00:00:00,5,3.6,0.215,-1.4,-0.445
Amazon Music,24.23.2,2025-12-18 00:00:00,5,2.8,0.069,-0.8,-0.146
Amazon Music,24.4.1,2025-12-19 00:00:00,3,1.0,-0.162,-1.8,-0.231
Amazon Music,24.9.0,2025-12-19 00:00:00,39,3.08,0.25,2.08,0.412
Amazon Music,25.3.1,2025-12-20 00:00:00,7,1.71,0.093,-1.37,-0.157
Amazon Music,25.17.5,2025-12-20 00:00:00,3,3.67,-0.101,1.96,-0.194
Amazon Music,25.21.0,2025-12-20 00:00:00,9,3.33,0.371,-0.34,0.472
Amazon Music,25.4.2,2025-12-20 00:00:00,4,4.0,0.273,0.67,-0.098
Amazon Music,25.6.0,2025-12-21 00:00:00,4,2.75,0.112,-1.25,-0.161
Amazon Music,24.13.0,2025-12-21 00:00:00,3,3.0,-0.255,0.25,-0.367
Amazon Music,25.16.6,2025-12-27 00:00:00,3,2.67,0.664,-0.33,0.919
Amazon Music,22.1.1,2025-12-27 00:00:00,2,1.0,0.22,-1.67,-0.444
Amazon Music,24.7.0,2025-12-28 00:00:00,3,2.0,0.027,1.0,-0.193
Amazon Music,23.9.0,2025-12-29 00:00:00,2,5.0,0.587,3.0,0.56
Amazon Music,25.2.2,2025-12-29 00:00:00,3,3.0,-0.18,-2.0,-0.767
Amazon Music,17.6.2,2025-12-30 00:00:00,2,3.0,0.293,0.0,0.473
Amazon Music,17.7.5,2025-12-30 00:00:00,2,5.0,0.777,2.0,0.484
Amazon Music,22.8.1,2025-12-31 00:00:00,5,2.6,0.126,-2.4,-0.651
Amazon Music,17.3.6,2026-01-01 00:00:00,4,3.0,-0.182,0.4,-0.308
Amazon Music,25.6.1,2026-01-02 00:00:00,6,3.67,0.255,0.67,0.437
Amazon Music,5.4.3,2026-01-03 00:00:00,1,1.0,-0.691,-2.67,-0.946
Amazon Music,17.4.1,2026-01-05 00:00:00,1,1.0,0.0,0.0,0.691
Amazon Music,17.6.1,2026-01-06 00:00:00,3,3.67,0.122,2.67,0.122
Amazon Music,22.3.3,2026-01-06 00:00:00,2,2.5,0.182,-1.17,0.06
Amazon Music,26.1.1,2026-01-06 00:00:00,18,3.0,0.17,0.5,-0.012
Amazon Music,17.19.4,2026-01-07 00:00:00,4,2.0,0.163,-1.0,-0.007
Amazon Music,23.1.0,2026-01-07 00:00:00,2,1.0,0.029,-1.0,-0.134
Amazon Music,26.1.2,2026-01-08 00:00:00,201,3.59,0.268,2.59,0.239
Amazon Music,22.7.1,2026-01-09 00:00:00,4,1.0,-0.305,-2.59,-0.573
Amazon Music,17.2.2,2026-01-10 00:00:00,1,1.0,-0.276,0.0,0.029
Amazon Music,26.1.5,2026-01-12 00:00:00,441,3.66,0.342,2.66,0.618
Amazon Music,24.22.0,2026-01-13 00:00:00,6,2.5,0.117,-1.16,-0.225
Amazon Music,4.5.0,2026-01-13 00:00:00,2,5.0,0.724,2.5,0.607
Amazon Music,17.5.5,2026-01-15 00:00:00,1,3.0,-0.153,-2.0,-0.877
Amazon Music,25.20.1,2026-01-15 00:00:00,3,3.0,0.374,0.0,0.527
Amazon Music,17.11.2,2026-01-16 00:00:00,3,3.0,-0.011,0.0,-0.385
Amazon Music,24.5.0,2026-01-16 00:00:00,3,2.0,-0.31,-1.0,-0.299
Amazon Music,23.16.0,2026-01-16 00:00:00,7,3.14,0.218,1.14,0.528
Amazon Music,22.15.13,2026-01-17 00:00:00,2,1.0,-0.184,-2.14,-0.402
Amazon Music,16.19.2,2026-01-17 00:00:00,1,1.0,0.0,0.0,0.184
Amazon Music,23.11.0,2026-01-17 00:00:00,4,3.0,0.348,2.0,0.348
Amazon Music,23.15.0,2026-01-18 00:00:00,2,5.0,0.533,2.0,0.185
Amazon Music,24.9.1,2026-01-20 00:00:00,4,3.5,-0.032,-1.5,-0.565
Amazon Music,25.2.3,2026-01-20 00:00:00,2,5.0,0.535,1.5,0.567
Amazon Music,26.2.0,2026-01-20 00:00:00,286,3.62,0.307,-1.38,-0.228
Amazon Music,23.9.1,2026-01-21 00:00:00,4,2.0,0.287,-1.62,-0.02
Amazon Music,24.17.0,2026-01-24 00:00:00,1,4.0,0.511,2.0,0.224
Amazon Music,22.14.3,2026-01-26 00:00:00,2,1.0,-0.6,-3.0,-1.111
Amazon Music,26.2.5,2026-01-27 00:00:00,221,3.64,0.275,2.64,0.875
Amazon Music,26.2.6,2026-01-29 00:00:00,224,3.5,0.273,-0.14,-0.002
Amazon Music,26.3.1,2026-02-02 00:00:00,22,3.09,0.173,-0.41,-0.1
Amazon Music,6.4.2,2026-02-02 00:00:00,2,3.5,0.2,0.41,0.027
Amazon Music,25.20.5,2026-02-02 00:00:00,1,5.0,0.927,1.5,0.727
Amazon Music,25.8.1,2026-02-02 00:00:00,9,2.56,0.147,-2.44,-0.78
Amazon Music,2.4.1,2026-02-02 00:00:00,1,1.0,0.003,-1.56,-0.144
Amazon Music,23.2.2,2026-02-03 00:00:00,1,1.0,-0.887,0.0,-0.89
Amazon Music,26.3.0,2026-02-03 00:00:00,680,2.97,0.178,1.97,1.065
Amazon Music,26.3.2,2026-02-04 00:00:00,871,3.26,0.247,0.29,0.069
Amazon Music,24.15.1,2026-02-05 00:00:00,5,1.8,-0.392,-1.46,-0.639
Amazon Music,23.11.1,2026-02-07 00:00:00,7,1.57,-0.211,-0.23,0.181
Amazon Music,17.5.1,2026-02-09 00:00:00,2,2.0,0.363,0.43,0.574
Amazon Music,24.22.2,2026-02-13 00:00:00,1,1.0,-0.966,-1.0,-1.329
Amazon Music,23.6.0,2026-02-13 00:00:00,1,5.0,0.625,4.0,1.591
Amazon Music,24.20.1,2026-02-16 00:00:00,3,1.0,-0.594,-4.0,-1.219
Amazon Music,15.19.5,2026-02-16 00:00:00,1,2.0,0.0,1.0,0.594
Amazon Music,26.4.0,2026-02-16 00:00:00,4,2.5,0.593,0.5,0.593
Amazon Music,25.19.7,2026-02-18 00:00:00,4,3.75,0.238,1.25,-0.355
Amazon Music,24.3.1,2026-02-18 00:00:00,2,5.0,0.62,1.25,0.382
Amazon Music,25.14.0,2026-02-18 00:00:00,3,3.67,0.499,-1.33,-0.121
Amazon Music,1.8.33,2026-02-18 00:00:00,1,1.0,0.0,-2.67,-0.499
Amazon Music,26.4.1,2026-02-18 00:00:00,251,3.2,0.249,2.2,0.249
Amazon Music,24.14.1,2026-02-20 00:00:00,3,2.33,-0.142,-0.87,-0.391
Amazon Music,23.7.0,2026-02-23 00:00:00,4,1.25,-0.129,-1.08,0.013
Amazon Music,26.4.5,2026-02-23 00:00:00,676,3.44,0.266,2.19,0.395
Amazon Music,15.21.8,2026-02-24 00:00:00,2,3.0,0.917,-0.44,0.651
Amazon Music,22.14.6,2026-02-25 00:00:00,2,2.5,-0.271,-0.5,-1.188
Amazon Music,7.3.8,2026-02-28 00:00:00,1,5.0,-0.103,2.5,0.168
Amazon Music,24.6.1,2026-03-01 00:00:00,4,2.0,0.191,-3.0,0.294
Amazon Music,6.1.3,2026-03-01 00:00:00,1,1.0,-0.649,-1.0,-0.84
Amazon Music,26.5.0,2026-03-02 00:00:00,11,3.55,0.3,2.55,0.949
Amazon Music,23.4.0,2026-03-03 00:00:00,1,2.0,0.781,-1.55,0.481
Amazon Music,3.0.6,2026-03-03 00:00:00,2,2.0,0.209,0.0,-0.572
Amazon Music,25.1.1,2026-03-05 00:00:00,1,4.0,0.727,2.0,0.518
Amazon Music,16.3.2,2026-03-05 00:00:00,1,1.0,0.178,-3.0,-0.549
Amazon Music,26.5.1,2026-03-06 00:00:00,674,3.51,0.272,2.51,0.094
Amazon Music,24.23.0,2026-03-08 00:00:00,1,3.0,0.103,-0.51,-0.169
Amazon Music,23.10.1,2026-03-09 00:00:00,4,2.0,0.369,-1.0,0.266
Amazon Music,25.15.1,2026-03-10 00:00:00,2,1.0,0.032,-1.0,-0.337
Amazon Music,4.2.1,2026-03-13 00:00:00,1,2.0,0.25,1.0,0.218
Amazon Music,15.19.4,2026-03-14 00:00:00,1,1.0,0.625,-1.0,0.375
Amazon Music,24.10.1,2026-03-15 00:00:00,1,1.0,-0.577,0.0,-1.202
Amazon Music,26.6.0,2026-03-17 00:00:00,308,3.26,0.218,2.26,0.795
Amazon Music,17.17.1,2026-03-18 00:00:00,1,1.0,0.0,-2.26,-0.218
Amazon Music,23.8.0,2026-03-20 00:00:00,4,2.25,-0.351,1.25,-0.351
Amazon Music,26.7.0,2026-03-23 00:00:00,296,3.25,0.266,1.0,0.617
Amazon Music,17.19.3,2026-03-24 00:00:00,1,4.0,0.599,0.75,0.333
Amazon Music,24.6.0,2026-03-29 00:00:00,5,4.2,0.47,0.2,-0.129
Amazon Music,26.8.0,2026-03-30 00:00:00,318,3.31,0.218,-0.89,-0.252
Amazon Music,15.21.10,2026-04-05 00:00:00,1,5.0,-0.73,1.69,-0.948
Amazon Music,23.3.3,2026-04-06 00:00:00,2,3.0,-0.077,-2.0,0.653
Amazon Music,26.9.0,2026-04-06 00:00:00,362,3.04,0.205,0.04,0.282
Amazon Music,22.2.3,2026-04-07 00:00:00,3,2.33,0.247,-0.71,0.042
Amazon Music,23.14.2,2026-04-07 00:00:00,1,1.0,-0.541,-1.33,-0.788
Amazon Music,17.4.2,2026-04-08 00:00:00,1,5.0,0.0,4.0,0.541
Amazon Music,26.10.0,2026-04-13 00:00:00,494,3.62,0.298,-1.38,0.298
Amazon Music,22.10.1,2026-04-14 00:00:00,1,5.0,0.572,1.38,0.274
Amazon Music,16.8.2,2026-04-15 00:00:00,1,2.0,-0.571,-3.0,-1.143
Amazon Music,25.1.3,2026-04-16 00:00:00,3,2.33,-0.133,0.33,0.438
Amazon Music,17.12.1,2026-04-18 00:00:00,2,4.0,0.651,1.67,0.784
Amazon Music,25.14.6,2026-04-18 00:00:00,1,5.0,0.625,1.0,-0.026
Amazon Music,24.19.1,2026-04-19 00:00:00,2,1.0,-0.071,-4.0,-0.696
Amazon Music,26.11.0,2026-04-20 00:00:00,157,3.48,0.322,2.48,0.393
Amazon Music,22.15.1,2026-04-21 00:00:00,1,1.0,-0.765,-2.48,-1.087
Amazon Music,26.11.1,2026-04-23 00:00:00,34,3.74,0.404,2.74,1.169
Amazon Music,26.11.2,2026-04-24 00:00:00,630,3.57,0.317,-0.17,-0.087
Amazon Music,7.8.5_307080510,2026-04-26 00:00:00,1,5.0,-0.802,1.43,-1.119
Amazon Music,22.2.2,2026-04-28 00:00:00,1,1.0,-0.421,-4.0,0.381
Amazon Music,22.5.3,2026-05-03 00:00:00,2,2.0,-0.353,1.0,0.068
Amazon Music,26.13.0,2026-05-03 00:00:00,7,4.0,0.578,2.0,0.931
Amazon Music,26.13.1,2026-05-04 00:00:00,539,3.79,0.328,-0.21,-0.25
Amazon Music,22.15.11,2026-05-04 00:00:00,1,1.0,0.072,-2.79,-0.256
Amazon Music,23.13.0,2026-05-04 00:00:00,1,1.0,0.25,0.0,0.178
Amazon Music,23.5.3,2026-05-05 00:00:00,1,5.0,0.421,4.0,0.171
Amazon Music,6.5.3,2026-05-09 00:00:00,1,1.0,0.823,-4.0,0.402
Amazon Music,24.3.5,2026-05-09 00:00:00,2,2.0,0.342,1.0,-0.481
Amazon Music,25.10.2,2026-05-10 00:00:00,5,1.4,-0.036,-0.6,-0.378
Amazon Music,23.1.2,2026-05-10 00:00:00,2,1.0,0.164,-0.4,0.2
Amazon Music,26.14.0,2026-05-12 00:00:00,163,3.38,0.291,2.38,0.127
Amazon Music,26.14.2,2026-05-16 00:00:00,265,3.41,0.26,0.03,-0.031
Amazon Music,17.8.6,2026-05-16 00:00:00,1,5.0,0.866,1.59,0.606
Amazon Music,26.15.0,2026-05-18 00:00:00,10,3.5,0.26,-1.5,-0.606
Amazon Music,26.15.1,2026-05-19 00:00:00,466,3.36,0.248,-0.14,-0.012
Amazon Music,7.5.4,2026-05-20 00:00:00,1,1.0,-0.755,-2.36,-1.003
Amazon Music,22.15.12,2026-05-22 00:00:00,1,1.0,-0.691,0.0,0.064
Amazon Music,22.5.2,2026-05-22 00:00:00,1,3.0,0.361,2.0,1.052
Amazon Music,23.4.2,2026-05-25 00:00:00,3,2.33,-0.504,-0.67,-0.865
Amazon Music,26.16.0,2026-05-26 00:00:00,20,2.85,0.068,0.52,0.572
Amazon Music,26.16.1,2026-05-28 00:00:00,295,2.94,0.226,0.09,0.158
Amazon Music,25.9.1,2026-05-28 00:00:00,4,2.0,0.214,-0.94,-0.012
Amazon Music,22.9.0,2026-05-29 00:00:00,1,1.0,-0.395,-1.0,-0.609
Amazon Music,17.13.3,2026-05-29 00:00:00,1,5.0,-0.226,4.0,0.169
Amazon Music,22.15.2,2026-05-31 00:00:00,1,1.0,-0.153,-4.0,0.073
Amazon Music,17.9.0,2026-06-01 00:00:00,2,3.0,0.347,2.0,0.5
Amazon Music,26.17.0,2026-06-01 00:00:00,4,1.75,-0.53,-1.25,-0.877
Amazon Music,26.17.1,2026-06-02 00:00:00,461,3.05,0.204,1.3,0.734
Amazon Music,7.4.7,2026-06-02 00:00:00,1,1.0,0.44,-2.05,0.236
Amazon Music,15.18.2,2026-06-02 00:00:00,1,1.0,0.637,0.0,0.197
Amazon Music,17.8.2,2026-06-04 00:00:00,1,1.0,-0.743,0.0,-1.38
Amazon Music,25.14.7,2026-06-05 00:00:00,1,2.0,-0.057,1.0,0.686
Amazon Music,23.3.0,2026-06-05 00:00:00,1,1.0,-0.299,-1.0,-0.242
Amazon Music,22.14.4,2026-06-05 00:00:00,2,1.5,0.81,0.5,1.109
Amazon Music,22.14.5,2026-06-05 00:00:00,1,3.0,-0.382,1.5,-1.192
Amazon Music,16.13.1,2026-06-06 00:00:00,3,1.0,-0.365,-2.0,0.017
Amazon Music,7.7.2_307070210,2026-06-07 00:00:00,1,1.0,-0.103,0.0,0.262
Amazon Music,17.16.6,2026-06-07 00:00:00,1,1.0,0.0,0.0,0.103
Amazon Music,26.18.0,2026-06-09 00:00:00,616,3.27,0.243,2.27,0.243
Amazon Music,16.5.4,2026-06-13 00:00:00,1,1.0,-0.889,-2.27,-1.132
Amazon Music,26.19.0,2026-06-15 00:00:00,38,2.92,0.085,1.92,0.974
Amazon Music,26.19.1,2026-06-18 00:00:00,528,3.46,0.3,0.54,0.215
Amazon Music,23.15.1,2026-06-20 00:00:00,1,1.0,-0.296,-2.46,-0.596
Amazon Music,25.18.7,2026-06-22 00:00:00,1,1.0,0.0,0.0,0.296
Amazon Music,26.20.0,2026-06-22 00:00:00,19,3.37,0.331,2.37,0.331
Amazon Music,2.0.13,2026-06-24 00:00:00,1,1.0,0.0,-2.37,-0.331
Amazon Music,24.21.1,2026-06-24 00:00:00,3,1.0,0.088,0.0,0.088
Amazon Music,26.20.1,2026-06-24 00:00:00,438,3.38,0.275,2.38,0.187
Amazon Music,26.21.0,2026-06-29 00:00:00,159,3.42,0.292,0.04,0.017
Amazon Music,22.13.9,2026-06-29 00:00:00,1,1.0,-0.464,-2.42,-0.756
Amazon Music,17.1.2,2026-06-30 00:00:00,1,2.0,0.724,1.0,1.188
Amazon Music,26.21.1,2026-07-02 00:00:00,608,3.3,0.267,1.3,-0.457
Amazon Music,17.8.5,2026-07-02 00:00:00,1,1.0,0.31,-2.3,0.043
Amazon Music,24.1.1,2026-07-04 00:00:00,1,5.0,0.44,4.0,0.13
Amazon Music,23.2.0,2026-07-04 00:00:00,2,4.5,0.051,-0.5,-0.389
Amazon Music,26.22.0,2026-07-06 00:00:00,33,3.55,0.289,-0.95,0.238
Amazon Music,16.14.3,2026-07-07 00:00:00,1,5.0,0.784,1.45,0.495
Amazon Music,25.19.5,2026-07-07 00:00:00,1,1.0,-0.572,-4.0,-1.356
Amazon Music,26.22.1,2026-07-09 00:00:00,379,3.23,0.237,2.23,0.809
Amazon Music,15.21.2,2026-07-09 00:00:00,1,2.0,0.318,-1.23,0.081
Amazon Music,22.4.2,2026-07-10 00:00:00,1,1.0,-0.531,-1.0,-0.849
Amazon Music,8.0.2,2026-07-12 00:00:00,1,4.0,0.447,3.0,0.978
Amazon Music,7.4.4,2026-07-13 00:00:00,1,5.0,0.0,1.0,-0.447
Amazon Music,26.23.0,2026-07-14 00:00:00,516,3.4,0.265,-1.6,0.265
Amazon Music,15.17.2,2026-07-19 00:00:00,1,1.0,-0.791,-2.4,-1.056
Amazon Music,5.4.2,2026-07-20 00:00:00,1,5.0,0.984,4.0,1.775
Amazon Music,26.24.0,2026-07-20 00:00:00,351,3.58,0.304,-1.42,-0.68
Amazon Music,25.8.0,2026-07-21 00:00:00,1,1.0,-0.625,-2.58,-0.929
Amazon Music,16.2.5,2026-07-23 00:00:00,1,4.0,0.459,3.0,1.084
Amazon Music,26.25.0,2026-07-24 00:00:00,422,4.13,0.375,0.13,-0.084
Amazon Music,24.12.0,2026-07-28 00:00:00,1,4.0,0.238,-0.13,-0.137
Amazon Music,16.18.0,2026-07-31 00:00:00,1,1.0,0.318,-3.0,0.08
Amazon Music,22.6.6,2026-07-31 00:00:00,1,1.0,0.44,0.0,0.122
JioSaavn,,,2404,4.46,0.43,,
JioSaavn,10.2.1,2026-06-03 00:00:00,36,4.61,0.536,0.15,0.106
JioSaavn,10.4.3,2026-06-03 00:00:00,31,4.26,0.364,-0.35,-0.172
JioSaavn,10.0.6,2026-06-03 00:00:00,55,4.62,0.455,0.36,0.091
JioSaavn,10.4.2,2026-06-03 00:00:00,77,4.7,0.455,0.08,0.0
JioSaavn,10.4.7,2026-06-03 00:00:00,466,4.62,0.458,-0.08,0.003
JioSaavn,10.5,2026-06-03 00:00:00,248,4.53,0.448,-0.09,-0.01
JioSaavn,9.14.2,2026-06-03 00:00:00,1,1.0,-0.62,-3.53,-1.068
JioSaavn,10.4.4,2026-06-03 00:00:00,113,4.61,0.43,3.61,1.05
JioSaavn,10.3.6,2026-06-03 00:00:00,209,4.55,0.435,-0.06,0.005
JioSaavn,10.5.1,2026-06-03 00:00:00,498,4.56,0.466,0.01,0.031
JioSaavn,10.6.2,2026-06-03 00:00:00,1212,4.55,0.445,-0.01,-0.021
JioSaavn,10.6.1,2026-06-03 00:00:00,874,4.53,0.46,-0.02,0.015
JioSaavn,10.4.6,2026-06-03 00:00:00,154,4.66,0.434,0.13,-0.026
JioSaavn,9.19.1,2026-06-04 00:00:00,3,5.0,0.287,0.34,-0.147
JioSaavn,10.0.4,2026-06-04 00:00:00,33,4.55,0.349,-0.45,0.062
JioSaavn,10.4.5,2026-06-04 00:00:00,33,4.42,0.478,-0.13,0.129
JioSaavn,9.25.3.1,2026-06-04 00:00:00,20,4.25,0.356,-0.17,-0.122
JioSaavn,8.12.1,2026-06-04 00:00:00,1,5.0,0.0,0.75,-0.356
JioSaavn,6.10.1,2026-06-04 00:00:00,1,4.0,0.703,-1.0,0.703
JioSaavn,9.26.3,2026-06-04 00:00:00,22,4.82,0.545,0.82,-0.158
JioSaavn,10.3.4,2026-06-04 00:00:00,26,4.65,0.476,-0.17,-0.069
JioSaavn,9.27.3,2026-06-04 00:00:00,33,4.21,0.415,-0.44,-0.061
JioSaavn,10.3.5,2026-06-04 00:00:00,12,4.92,0.399,0.71,-0.016
JioSaavn,9.28.3,2026-06-04 00:00:00,24,4.71,0.455,-0.21,0.056
JioSaavn,10.1.1,2026-06-05 00:00:00,32,4.34,0.329,-0.37,-0.126
JioSaavn,9.28.1,2026-06-05 00:00:00,4,5.0,0.283,0.66,-0.046
JioSaavn,9.12.3,2026-06-05 00:00:00,4,5.0,0.412,0.0,0.129
JioSaavn,9.24.4,2026-06-05 00:00:00,3,5.0,0.359,0.0,-0.053
JioSaavn,9.24.8,2026-06-05 00:00:00,18,4.67,0.41,-0.33,0.051
JioSaavn,9.28.2,2026-06-05 00:00:00,14,5.0,0.528,0.33,0.118
JioSaavn,7.6.1,2026-06-06 00:00:00,1,5.0,0.796,0.0,0.268
JioSaavn,8.1,2026-06-06 00:00:00,6,3.0,0.166,-2.0,-0.63
JioSaavn,9.25.2,2026-06-06 00:00:00,16,4.13,0.301,1.13,0.135
JioSaavn,10.3.3,2026-06-06 00:00:00,13,4.15,0.356,0.02,0.055
JioSaavn,9.14.4,2026-06-07 00:00:00,1,4.0,0.238,-0.15,-0.118
JioSaavn,9.10.2,2026-06-07 00:00:00,5,4.8,0.382,0.8,0.144
JioSaavn,9.23.4,2026-06-07 00:00:00,5,4.2,0.252,-0.6,-0.13
JioSaavn,9.15.4,2026-06-07 00:00:00,6,4.0,0.306,-0.2,0.054
JioSaavn,9.22.2,2026-06-07 00:00:00,16,4.19,0.263,0.19,-0.043
JioSaavn,10.6.3,2026-06-08 00:00:00,2538,4.51,0.443,0.32,0.18
JioSaavn,9.21.1,2026-06-08 00:00:00,2,5.0,0.431,0.49,-0.012
JioSaavn,9.24.7,2026-06-08 00:00:00,4,3.75,0.388,-1.25,-0.043
JioSaavn,10.0.5,2026-06-08 00:00:00,12,3.42,0.469,-0.33,0.081
JioSaavn,9.20.2,2026-06-09 00:00:00,3,5.0,0.464,1.58,-0.005
JioSaavn,9.26.2,2026-06-09 00:00:00,11,4.45,0.447,-0.55,-0.017
JioSaavn,9.6.3,2026-06-10 00:00:00,5,4.0,0.314,-0.45,-0.133
JioSaavn,9.24.6,2026-06-10 00:00:00,5,4.6,0.406,0.6,0.092
JioSaavn,9.4.1,2026-06-10 00:00:00,1,5.0,0.572,0.4,0.166
JioSaavn,6.1,2026-06-10 00:00:00,1,1.0,-0.625,-4.0,-1.197
JioSaavn,9.7.1,2026-06-11 00:00:00,1,5.0,0.637,4.0,1.262
JioSaavn,10.3.1,2026-06-12 00:00:00,15,4.33,0.515,-0.67,-0.122
JioSaavn,8.15.1,2026-06-12 00:00:00,1,4.0,0.952,-0.33,0.437
JioSaavn,9.14.5,2026-06-12 00:00:00,3,5.0,0.279,1.0,-0.673
JioSaavn,8.12.2,2026-06-13 00:00:00,1,5.0,0.625,0.0,0.346
JioSaavn,9.15.1,2026-06-13 00:00:00,2,5.0,0.52,0.0,-0.105
JioSaavn,9.27.2,2026-06-13 00:00:00,3,3.67,0.006,-1.33,-0.514
JioSaavn,10.7,2026-06-13 00:00:00,2088,4.51,0.445,0.84,0.439
JioSaavn,9.22,2026-06-13 00:00:00,3,5.0,0.305,0.49,-0.14
JioSaavn,9.1.1,2026-06-14 00:00:00,3,2.33,0.172,-2.67,-0.133
JioSaavn,10.4.1,2026-06-14 00:00:00,6,4.67,0.504,2.34,0.332
JioSaavn,8.0.1,2026-06-15 00:00:00,3,5.0,0.39,0.33,-0.114
JioSaavn,6.10.2,2026-06-15 00:00:00,1,5.0,0.599,0.0,0.209
JioSaavn,8.9,2026-06-15 00:00:00,1,5.0,0.44,0.0,-0.159
JioSaavn,8.6.1,2026-06-16 00:00:00,1,4.0,0.44,-1.0,0.0
JioSaavn,8.5.2,2026-06-17 00:00:00,4,4.75,0.547,0.75,0.107
JioSaavn,9.21,2026-06-18 00:00:00,1,1.0,-0.421,-3.75,-0.968
JioSaavn,9.6.2,2026-06-19 00:00:00,3,5.0,0.164,4.0,0.585
JioSaavn,9.5.2,2026-06-19 00:00:00,2,3.0,0.318,-2.0,0.154
JioSaavn,9.28,2026-06-19 00:00:00,1,3.0,0.691,0.0,0.373
JioSaavn,9.5.1,2026-06-20 00:00:00,3,5.0,0.607,2.0,-0.084
JioSaavn,5.8.0,2026-06-20 00:00:00,1,1.0,0.471,-4.0,-0.136
JioSaavn,8.6.2,2026-06-21 00:00:00,2,4.0,0.458,3.0,-0.013
JioSaavn,9.20.1,2026-06-22 00:00:00,1,5.0,0.7,1.0,0.242
JioSaavn,9.26.1,2026-06-22 00:00:00,5,4.4,0.409,-0.6,-0.291
JioSaavn,9.7.2,2026-06-23 00:00:00,4,4.75,0.372,0.35,-0.037
JioSaavn,9.11.3,2026-06-24 00:00:00,2,4.5,0.22,-0.25,-0.152
JioSaavn,10.7.1,2026-06-24 00:00:00,6070,4.53,0.432,0.03,0.212
JioSaavn,9.8.1,2026-06-24 00:00:00,1,5.0,0.44,0.47,0.008
JioSaavn,9.15.2,2026-06-24 00:00:00,3,3.67,0.205,-1.33,-0.235
JioSaavn,9.2.1,2026-06-25 00:00:00,4,4.0,0.218,0.33,0.013
JioSaavn,6.12.1,2026-06-26 00:00:00,1,5.0,0.44,1.0,0.222
JioSaavn,9.0.2,2026-06-26 00:00:00,1,5.0,0.586,0.0,0.146
JioSaavn,9.18.2,2026-06-27 00:00:00,3,3.67,0.009,-1.33,-0.577
JioSaavn,9.3,2026-07-01 00:00:00,1,5.0,0.0,1.33,-0.009
JioSaavn,7.9.1,2026-07-01 00:00:00,1,5.0,0.0,0.0,0.0
JioSaavn,8.16.1,2026-07-02 00:00:00,1,4.0,0.0,-1.0,0.0
JioSaavn,5.7.0,2026-07-02 00:00:00,1,5.0,0.852,1.0,0.852
JioSaavn,10.0.3,2026-07-03 00:00:00,2,5.0,0.457,0.0,-0.395
JioSaavn,5.10.1,2026-07-03 00:00:00,2,4.5,0.565,-0.5,0.108
JioSaavn,9.25.3,2026-07-04 00:00:00,1,3.0,0.421,-1.5,-0.144
JioSaavn,9.19,2026-07-05 00:00:00,2,5.0,0.546,2.0,0.125
JioSaavn,8.13.1,2026-07-06 00:00:00,2,5.0,0.524,0.0,-0.022
JioSaavn,8.10.1,2026-07-08 00:00:00,3,5.0,0.434,0.0,-0.09
JioSaavn,10.7.2,2026-07-08 00:00:00,54,4.48,0.369,-0.52,-0.065
JioSaavn,8.8.1,2026-07-09 00:00:00,2,5.0,0.412,0.52,0.043
JioSaavn,10.1,2026-07-09 00:00:00,1,5.0,0.421,0.0,0.009
JioSaavn,1.8.1,2026-07-11 00:00:00,1,1.0,0.637,-4.0,0.216
JioSaavn,9.9.1,2026-07-11 00:00:00,2,3.0,0.491,2.0,-0.146
JioSaavn,9.17.1,2026-07-12 00:00:00,1,1.0,0.718,-2.0,0.227
JioSaavn,8.3.1,2026-07-12 00:00:00,1,5.0,0.475,4.0,-0.243
JioSaavn,9.26,2026-07-14 00:00:00,2,5.0,0.44,0.0,-0.035
JioSaavn,10.7.3,2026-07-15 00:00:00,1900,4.52,0.443,-0.48,0.003
JioSaavn,7.4,2026-07-17 00:00:00,1,4.0,0.44,-0.52,-0.003
JioSaavn,6.5,2026-07-17 00:00:00,1,5.0,0.0,1.0,-0.44
JioSaavn,9.16.2,2026-07-21 00:00:00,2,5.0,0.618,0.0,0.618
JioSaavn,6.1.3,2026-07-21 00:00:00,1,5.0,0.572,0.0,-0.046
JioSaavn,1.8.3,2026-07-22 00:00:00,2,1.5,-0.192,-3.5,-0.764
JioSaavn,10.8,2026-07-24 00:00:00,443,4.51,0.431,3.01,0.623
JioSaavn,9.23.2,2026-07-25 00:00:00,2,5.0,0.673,0.49,0.242
JioSaavn,8.11.2,2026-07-28 00:00:00,1,4.0,0.44,-1.0,-0.233
JioSaavn,8.16.2,2026-07-29 00:00:00,2,5.0,0.533,1.0,0.093
JioSaavn,9.4,2026-07-30 00:00:00,2,5.0,0.22,0.0,-0.313
JioSaavn,10.8.1,2026-07-31 00:00:00,6,3.83,0.492,-1.17,0.272
JioSaavn,6.1.1,2026-08-01 00:00:00,1,4.0,0.625,0.17,0.133
SoundCloud,,,2331,3.61,0.27,,
SoundCloud,2025.02.17-release,2025-02-20 00:00:00,16,4.5,0.326,0.89,0.056
SoundCloud,2025.01.30-release,2025-02-20 00:00:00,67,4.34,0.371,-0.16,0.045
SoundCloud,2025.02.18-release,2025-02-20 00:00:00,436,4.17,0.356,-0.17,-0.015
SoundCloud,2024.05.28-release,2025-02-20 00:00:00,7,4.29,0.591,0.12,0.235
SoundCloud,2024.11.13-release,2025-02-20 00:00:00,8,3.75,0.096,-0.54,-0.495
SoundCloud,2025.01.07-release,2025-02-20 00:00:00,18,4.5,0.471,0.75,0.375
SoundCloud,2024.09.30-release,2025-02-21 00:00:00,9,1.89,0.041,-2.61,-0.43
SoundCloud,2022.01.13-release,2025-02-22 00:00:00,1,1.0,-0.56,-0.89,-0.601
SoundCloud,2024.12.10-release,2025-02-23 00:00:00,44,3.8,0.175,2.8,0.735
SoundCloud,2025.01.22-release,2025-02-23 00:00:00,8,4.75,0.418,0.95,0.243
SoundCloud,2024.10.21-release,2025-02-24 00:00:00,11,3.82,0.2,-0.93,-0.218
SoundCloud,2024.11.20-release,2025-02-24 00:00:00,20,3.3,0.327,-0.52,0.127
SoundCloud,2024.11.07-wear-release,2025-02-24 00:00:00,10,3.0,0.153,-0.3,-0.174
SoundCloud,2024.06.17-wear-release,2025-02-26 00:00:00,2,2.5,0.464,-0.5,0.311
SoundCloud,2022.12.05-release,2025-02-26 00:00:00,5,3.4,0.528,0.9,0.064
SoundCloud,2025.02.25-release,2025-02-27 00:00:00,99,4.07,0.325,0.67,-0.203
SoundCloud,2024.09.20-release,2025-02-27 00:00:00,13,3.23,0.179,-0.84,-0.146
SoundCloud,2018.10.09-release,2025-02-28 00:00:00,2,1.0,-0.16,-2.23,-0.339
SoundCloud,2023.11.28-release,2025-03-01 00:00:00,9,4.11,0.282,3.11,0.442
SoundCloud,2024.06.21-tv-release,2025-03-02 00:00:00,16,3.69,0.397,-0.42,0.115
SoundCloud,2025.03.03-release,2025-03-04 00:00:00,649,4.17,0.349,0.48,-0.048
SoundCloud,2023.03.17-release,2025-03-04 00:00:00,3,3.33,0.212,-0.84,-0.137
SoundCloud,2020.12.18-release,2025-03-04 00:00:00,2,5.0,0.645,1.67,0.433
SoundCloud,2024.10.29-release,2025-03-05 00:00:00,3,5.0,0.703,0.0,0.058
SoundCloud,2016.04.20-release,2025-03-05 00:00:00,2,3.0,-0.182,-2.0,-0.885
SoundCloud,2024.05.17-release,2025-03-06 00:00:00,3,2.67,0.328,-0.33,0.51
SoundCloud,2022.01.28-release,2025-03-07 00:00:00,2,3.0,0.0,0.33,-0.328
SoundCloud,2024.08.01-release,2025-03-08 00:00:00,12,4.0,0.191,1.0,0.191
SoundCloud,2022.02.21-release,2025-03-08 00:00:00,1,1.0,-0.258,-3.0,-0.449
SoundCloud,2024.09.16-release,2025-03-09 00:00:00,3,3.67,0.745,2.67,1.003
SoundCloud,2023.10.27-release,2025-03-10 00:00:00,5,2.6,-0.038,-1.07,-0.783
SoundCloud,2023.03.31-release,2025-03-10 00:00:00,6,3.67,0.359,1.07,0.397
SoundCloud,2021.08.11-release,2025-03-12 00:00:00,1,5.0,0.637,1.33,0.278
SoundCloud,2023.07.31-release,2025-03-12 00:00:00,7,2.71,0.375,-2.29,-0.262
SoundCloud,2024.04.03-release,2025-03-12 00:00:00,8,3.25,0.182,0.54,-0.193
SoundCloud,2024.05.02-release,2025-03-17 00:00:00,5,4.2,0.366,0.95,0.184
SoundCloud,2024.11.07-release,2025-03-17 00:00:00,11,4.0,0.491,-0.2,0.125
SoundCloud,2025.03.17-release,2025-03-19 00:00:00,464,4.17,0.351,0.17,-0.14
SoundCloud,2024.01.23-release,2025-03-23 00:00:00,10,3.1,0.356,-1.07,0.005
SoundCloud,2024.04.22-release,2025-03-23 00:00:00,11,2.82,0.118,-0.28,-0.238
SoundCloud,2023.06.16-release,2025-03-24 00:00:00,4,4.25,0.664,1.43,0.546
SoundCloud,2019.04.30-release,2025-03-24 00:00:00,2,3.0,0.0,-1.25,-0.664
SoundCloud,2023.06.27-release,2025-03-24 00:00:00,3,2.33,0.279,-0.67,0.279
SoundCloud,2023.09.06-release,2025-03-25 00:00:00,6,4.33,-0.003,2.0,-0.282
SoundCloud,2025.03.25-release,2025-03-28 00:00:00,616,4.2,0.346,-0.13,0.349
SoundCloud,2024.10.16-release,2025-04-03 00:00:00,2,4.0,0.637,-0.2,0.291
SoundCloud,2024.07.22-release,2025-04-04 00:00:00,5,5.0,0.467,1.0,-0.17
SoundCloud,2022.07.26-release,2025-04-05 00:00:00,4,3.5,0.625,-1.5,0.158
SoundCloud,2020.10.01-release,2025-04-06 00:00:00,1,5.0,0.25,1.5,-0.375
SoundCloud,2022.01.20-release,2025-04-08 00:00:00,1,5.0,0.572,0.0,0.322
SoundCloud,2022.03.04-release,2025-04-10 00:00:00,2,1.0,-0.019,-4.0,-0.591
SoundCloud,2025.04.03-release,2025-04-11 00:00:00,405,4.25,0.372,3.25,0.391
SoundCloud,2024.07.01-release,2025-04-12 00:00:00,5,2.6,-0.108,-1.65,-0.48
SoundCloud,2019.04.16-release,2025-04-13 00:00:00,1,1.0,-0.06,-1.6,0.048
SoundCloud,2023.02.16-release,2025-04-14 00:00:00,2,3.0,0.418,2.0,0.478
SoundCloud,2024.06.25-beta,2025-04-15 00:00:00,1,5.0,0.0,2.0,-0.418
SoundCloud,2020.07.15-release,2025-04-19 00:00:00,2,2.5,-0.272,-2.5,-0.272
SoundCloud,2020.09.22-release,2025-04-21 00:00:00,1,2.0,0.0,-0.5,0.272
SoundCloud,2022.10.10-release,2025-04-23 00:00:00,6,3.0,0.014,1.0,0.014
SoundCloud,2025.02.13-release,2025-04-24 00:00:00,1,5.0,0.67,2.0,0.656
SoundCloud,2023.01.05-release,2025-04-24 00:00:00,2,3.0,-0.182,-2.0,-0.852
SoundCloud,2025.04.24-release,2025-04-25 00:00:00,478,3.81,0.296,0.81,0.478
SoundCloud,2024.02.13-release,2025-04-25 00:00:00,1,1.0,0.696,-2.81,0.4
SoundCloud,2024.08.22-release,2025-04-26 00:00:00,5,4.2,0.591,3.2,-0.105
SoundCloud,2022.05.02-release,2025-04-26 00:00:00,3,2.33,-0.259,-1.87,-0.85
SoundCloud,2021.02.08-release,2025-04-27 00:00:00,1,5.0,0.44,2.67,0.699
SoundCloud,2024.07.09-release,2025-04-28 00:00:00,8,5.0,0.481,0.0,0.041
SoundCloud,2021.04.08-release,2025-04-30 00:00:00,3,3.67,0.212,-1.33,-0.269
SoundCloud,2020.07.28-release,2025-05-01 00:00:00,1,1.0,-0.151,-2.67,-0.363
SoundCloud,2021.11.01-release,2025-05-01 00:00:00,2,4.0,0.118,3.0,0.269
SoundCloud,2020.06.03-release,2025-05-01 00:00:00,1,5.0,0.44,1.0,0.322
SoundCloud,2024.01.08-release,2025-05-01 00:00:00,7,3.71,0.133,-1.29,-0.307
SoundCloud,2021.03.30-release,2025-05-02 00:00:00,1,1.0,0.671,-2.71,0.538
SoundCloud,2025.04.30-release,2025-05-02 00:00:00,66,3.42,0.245,2.42,-0.426
SoundCloud,2018.07.30-release,2025-05-03 00:00:00,1,1.0,0.477,-2.42,0.232
SoundCloud,2021.02.01-release,2025-05-03 00:00:00,1,3.0,-0.685,2.0,-1.162
SoundCloud,2023.05.02-release,2025-05-04 00:00:00,2,1.5,0.583,-1.5,1.268
SoundCloud,2023.07.18-release,2025-05-04 00:00:00,3,2.67,0.159,1.17,-0.424
SoundCloud,2020.07.06-release,2025-05-06 00:00:00,1,1.0,-0.466,-1.67,-0.625
SoundCloud,2022.05.24-release,2025-05-07 00:00:00,4,2.0,0.329,1.0,0.795
SoundCloud,2025.04.30-beta,2025-05-08 00:00:00,1,2.0,0.686,0.0,0.357
SoundCloud,2025.05.07-release,2025-05-08 00:00:00,215,3.75,0.29,1.75,-0.396
SoundCloud,2021.09.03-release,2025-05-08 00:00:00,1,2.0,-0.877,-1.75,-1.167
SoundCloud,2021.12.15-release,2025-05-09 00:00:00,2,3.0,0.286,1.0,1.163
SoundCloud,2024.06.18-release,2025-05-10 00:00:00,8,3.13,0.008,0.13,-0.278
SoundCloud,2020.06.08-release,2025-05-12 00:00:00,1,1.0,-0.294,-2.13,-0.302
SoundCloud,2024.05.22-release,2025-05-13 00:00:00,4,4.0,0.306,3.0,0.6
SoundCloud,2025.05.13-release,2025-05-14 00:00:00,199,3.75,0.304,-0.25,-0.002
SoundCloud,2021.02.01-beta,2025-05-17 00:00:00,1,5.0,0.722,1.25,0.418
SoundCloud,2017.02.22-release,2025-05-20 00:00:00,1,2.0,-0.56,-3.0,-1.282
SoundCloud,2024.09.05-release,2025-05-20 00:00:00,2,3.0,0.263,1.0,0.823
SoundCloud,2025.05.19-release,2025-05-20 00:00:00,515,3.9,0.309,0.9,0.046
SoundCloud,2021.05.21-release,2025-05-21 00:00:00,1,5.0,0.0,1.1,-0.309
SoundCloud,2022.11.10-release,2025-05-22 00:00:00,3,2.0,0.327,-3.0,0.327
SoundCloud,2023.10.02-release,2025-05-23 00:00:00,5,3.4,0.383,1.4,0.056
SoundCloud,2017.05.08-release,2025-05-25 00:00:00,1,1.0,0.0,-2.4,-0.383
SoundCloud,2022.02.28-release,2025-05-25 00:00:00,1,5.0,0.0,4.0,0.0
SoundCloud,2025.05.27-release,2025-05-29 00:00:00,372,3.86,0.305,-1.14,0.305
SoundCloud,2021.05.18-release,2025-05-29 00:00:00,1,5.0,0.625,1.14,0.32
SoundCloud,2023.03.03-release,2025-05-31 00:00:00,2,3.0,0.176,-2.0,-0.449
SoundCloud,2020.01.20-release,2025-05-31 00:00:00,1,2.0,-0.69,-1.0,-0.866
SoundCloud,2024.03.18-release,2025-06-04 00:00:00,6,2.67,0.287,0.67,0.977
SoundCloud,2020.01.02-release,2025-06-05 00:00:00,1,2.0,-0.68,-0.67,-0.967
SoundCloud,2025.05.29-release,2025-06-06 00:00:00,380,4.02,0.339,2.02,1.019
SoundCloud,2022.04.25-release,2025-06-07 00:00:00,2,4.0,0.172,-0.02,-0.167
SoundCloud,2022.06.15-release,2025-06-08 00:00:00,1,1.0,-0.502,-3.0,-0.674
SoundCloud,2024.12.04-release,2025-06-11 00:00:00,1,1.0,-0.128,0.0,0.374
SoundCloud,2021.08.05-release,2025-06-11 00:00:00,1,1.0,-0.592,0.0,-0.464
SoundCloud,2022.03.29-release,2025-06-12 00:00:00,1,1.0,-0.387,0.0,0.205
SoundCloud,2025.06.13-release,2025-06-17 00:00:00,92,3.92,0.29,2.92,0.677
SoundCloud,2021.09.10-release,2025-06-21 00:00:00,1,5.0,0.818,1.08,0.528
SoundCloud,2025.06.20-release,2025-06-23 00:00:00,626,4.04,0.336,-0.96,-0.482
SoundCloud,2024.09.10-wear-release,2025-06-30 00:00:00,1,5.0,0.0,0.96,-0.336
SoundCloud,2024.01.19-tv-release,2025-06-30 00:00:00,2,3.0,-0.064,-2.0,-0.064
SoundCloud,2024.02.26-release,2025-07-02 00:00:00,1,5.0,0.586,2.0,0.65
SoundCloud,2020.05.13-release,2025-07-03 00:00:00,1,5.0,0.625,0.0,0.039
SoundCloud,2025.07.07-release,2025-07-08 00:00:00,1,4.0,0.44,-1.0,-0.185
SoundCloud,2025.07.08-release,2025-07-09 00:00:00,343,4.1,0.315,0.1,-0.125
SoundCloud,2023.08.24-release,2025-07-12 00:00:00,1,5.0,0.948,0.9,0.633
SoundCloud,2025.07.08-beta,2025-07-13 00:00:00,1,1.0,0.0,-4.0,-0.948
SoundCloud,2020.10.22-release,2025-07-14 00:00:00,1,1.0,0.0,0.0,0.0
SoundCloud,2023.10.30-release,2025-07-14 00:00:00,4,3.0,-0.017,2.0,-0.017
SoundCloud,2025.07.07-wear-release,2025-07-16 00:00:00,6,3.67,0.115,0.67,0.132
SoundCloud,2025.07.14-release,2025-07-17 00:00:00,487,4.12,0.35,0.45,0.235
SoundCloud,2022.06.27-release,2025-07-20 00:00:00,1,1.0,-0.705,-3.12,-1.055
SoundCloud,2020.10.13-release,2025-07-23 00:00:00,1,1.0,-0.296,0.0,0.409
SoundCloud,2025.07.21-wear-release,2025-07-25 00:00:00,16,2.81,0.247,1.81,0.543
SoundCloud,14.12.18-43,2025-07-26 00:00:00,1,3.0,-0.509,0.19,-0.756
SoundCloud,2022.04.07-release,2025-07-28 00:00:00,1,5.0,0.641,2.0,1.15
SoundCloud,2023.09.04-release,2025-07-28 00:00:00,2,1.0,-0.201,-4.0,-0.842
SoundCloud,2017.04.07-release,2025-07-29 00:00:00,1,1.0,-0.296,0.0,-0.095
SoundCloud,2025.07.24-release,2025-07-30 00:00:00,12,3.83,0.61,2.83,0.906
SoundCloud,2021.12.06-release,2025-08-01 00:00:00,1,4.0,0.84,0.17,0.23
SoundCloud,2021.05.10-release,2025-08-02 00:00:00,1,2.0,-0.555,-2.0,-1.395
SoundCloud,2023.09.29-release,2025-08-04 00:00:00,4,2.25,0.062,0.25,0.617
SoundCloud,2025.07.31-release,2025-08-04 00:00:00,265,4.01,0.38,1.76,0.318
SoundCloud,2022.06.07-release,2025-08-05 00:00:00,2,3.0,-0.019,-1.01,-0.399
SoundCloud,2022.09.28-release,2025-08-07 00:00:00,3,3.67,0.114,0.67,0.133
SoundCloud,2023.05.30-release,2025-08-13 00:00:00,5,4.6,0.152,0.93,0.038
SoundCloud,2025.08.11-release,2025-08-13 00:00:00,195,4.11,0.344,-0.49,0.192
SoundCloud,2023.02.07-release,2025-08-17 00:00:00,2,4.5,0.22,0.39,-0.124
SoundCloud,2025.08.14-beta,2025-08-17 00:00:00,1,3.0,-0.128,-1.5,-0.348
SoundCloud,2025.08.14-release,2025-08-18 00:00:00,238,4.0,0.323,1.0,0.451
SoundCloud,2024.08.19-release,2025-08-20 00:00:00,2,3.0,-0.596,-1.0,-0.919
SoundCloud,2024.06.25-release,2025-08-23 00:00:00,1,5.0,0.421,2.0,1.017
SoundCloud,2025.08.21-release,2025-08-25 00:00:00,233,3.98,0.325,-1.02,-0.096
SoundCloud,2020.09.03-release,2025-08-26 00:00:00,1,5.0,0.44,1.02,0.115
SoundCloud,2023.02.24-release,2025-08-31 00:00:00,1,1.0,-0.614,-4.0,-1.054
SoundCloud,2025.08.28-release,2025-09-03 00:00:00,244,4.11,0.286,3.11,0.9
SoundCloud,2025.08.21-beta,2025-09-04 00:00:00,1,5.0,0.0,0.89,-0.286
SoundCloud,2025.09.04-release,2025-09-09 00:00:00,206,4.27,0.343,-0.73,0.343
SoundCloud,2025.09.12-release,2025-09-16 00:00:00,237,4.24,0.36,-0.03,0.017
SoundCloud,2016.01.19-release,2025-09-20 00:00:00,1,3.0,0.0,-1.24,-0.36
SoundCloud,2025.09.18-release,2025-09-22 00:00:00,245,4.04,0.346,1.04,0.346
SoundCloud,2020.04.13-release,2025-09-25 00:00:00,1,1.0,0.542,-3.04,0.196
SoundCloud,2021.10.13-release,2025-09-26 00:00:00,1,1.0,-0.361,0.0,-0.903
SoundCloud,2016.09.21-release,2025-09-28 00:00:00,1,1.0,0.178,0.0,0.539
SoundCloud,2025.09.27-release,2025-09-30 00:00:00,234,4.23,0.35,3.23,0.172
SoundCloud,2025.09.10-tv-release,2025-09-30 00:00:00,21,2.9,0.071,-1.33,-0.279
SoundCloud,2025.09.27-beta,2025-10-03 00:00:00,1,5.0,0.959,2.1,0.888
SoundCloud,2025.10.02-release,2025-10-07 00:00:00,204,4.13,0.345,-0.87,-0.614
SoundCloud,2021.06.04-release,2025-10-10 00:00:00,1,1.0,-0.318,-3.13,-0.663
SoundCloud,2017.12.18-release,2025-10-10 00:00:00,1,1.0,-0.357,0.0,-0.039
SoundCloud,2025.10.10-release,2025-10-14 00:00:00,190,4.01,0.294,3.01,0.651
SoundCloud,2022.02.07-release,2025-10-17 00:00:00,1,2.0,-0.611,-2.01,-0.905
SoundCloud,2025.10.20-release,2025-10-21 00:00:00,503,4.1,0.321,2.1,0.932
SoundCloud,2022.10.04-release,2025-10-25 00:00:00,1,5.0,0.931,0.9,0.61
SoundCloud,2021.11.23-release,2025-10-27 00:00:00,2,1.0,-0.137,-4.0,-1.068
SoundCloud,2025.10.30-release,2025-11-06 00:00:00,351,4.18,0.34,3.18,0.477
SoundCloud,2023.04.25-release,2025-11-07 00:00:00,1,1.0,0.0,-3.18,-0.34
SoundCloud,2023.05.22-release,2025-11-08 00:00:00,1,3.0,0.878,2.0,0.878
SoundCloud,2022.03.24-release,2025-11-16 00:00:00,1,5.0,0.625,2.0,-0.253
SoundCloud,2025.11.17-release,2025-11-19 00:00:00,217,4.03,0.343,-0.97,-0.282
SoundCloud,2025.11.24-release,2025-11-25 00:00:00,201,4.27,0.355,0.24,0.012
SoundCloud,2021.08.03-release,2025-12-03 00:00:00,1,1.0,0.982,-3.27,0.627
SoundCloud,2025.11.28-release,2025-12-03 00:00:00,253,4.21,0.379,3.21,-0.603
SoundCloud,2025.12.05-release,2025-12-06 00:00:00,7,3.43,0.164,-0.78,-0.215
SoundCloud,2025.11.17-beta,2025-12-07 00:00:00,1,5.0,0.0,1.57,-0.164
SoundCloud,2025.12.05-beta,2025-12-08 00:00:00,1,4.0,0.0,-1.0,0.0
SoundCloud,2025.12.10-release,2025-12-12 00:00:00,1046,4.14,0.364,0.14,0.364
SoundCloud,2021.08.24-release,2025-12-19 00:00:00,1,4.0,0.0,-0.14,-0.364
SoundCloud,2023.01.16-release,2025-12-19 00:00:00,1,1.0,-0.477,-3.0,-0.477
SoundCloud,2021.06.29-release,2025-12-23 00:00:00,1,5.0,0.0,4.0,0.477
SoundCloud,2022.04.01-release,2025-12-30 00:00:00,1,1.0,0.47,-4.0,0.47
SoundCloud,2024.03.04-release,2026-01-06 00:00:00,1,4.0,0.844,3.0,0.374
SoundCloud,2021.03.15-release,2026-01-09 00:00:00,1,1.0,-0.318,-3.0,-1.162
SoundCloud,2026.01.09-release,2026-01-13 00:00:00,210,4.13,0.374,3.13,0.692
SoundCloud,2018.06.12-release,2026-01-14 00:00:00,1,5.0,0.637,0.87,0.263
SoundCloud,2026.01.14-wear-beta,2026-01-18 00:00:00,6,3.0,-0.114,-2.0,-0.751
SoundCloud,2026.01.19-release,2026-01-21 00:00:00,207,4.15,0.383,1.15,0.497
SoundCloud,2017.11.14-release,2026-01-25 00:00:00,1,1.0,0.0,-3.15,-0.383
SoundCloud,2026.01.23-release,2026-01-27 00:00:00,9,4.22,0.087,3.22,0.087
SoundCloud,2026.01.27-release,2026-01-29 00:00:00,192,4.08,0.334,-0.14,0.247
SoundCloud,2020.11.02-release,2026-01-31 00:00:00,1,1.0,-0.324,-3.08,-0.658
SoundCloud,2026.01.30-release,2026-02-02 00:00:00,222,4.05,0.398,3.05,0.722
SoundCloud,2026.02.06-release,2026-02-11 00:00:00,189,4.25,0.342,0.2,-0.056
SoundCloud,2026.02.12-release,2026-02-17 00:00:00,175,4.2,0.358,-0.05,0.016
SoundCloud,2026.02.20-release,2026-02-24 00:00:00,191,4.36,0.419,0.16,0.061
SoundCloud,2020.02.03-release,2026-02-25 00:00:00,1,5.0,0.796,0.64,0.377
SoundCloud,2026.02.27-release,2026-03-04 00:00:00,189,4.16,0.376,-0.84,-0.42
SoundCloud,2023.03.28-release,2026-03-05 00:00:00,1,3.0,0.0,-1.16,-0.376
SoundCloud,2026.02.20-beta,2026-03-07 00:00:00,1,5.0,0.64,2.0,0.64
SoundCloud,15.03.12-59,2026-03-10 00:00:00,1,5.0,0.361,0.0,-0.279
SoundCloud,2026.03.05-release,2026-03-10 00:00:00,305,4.09,0.312,-0.91,-0.049
SoundCloud,2026.03.20-release,2026-03-23 00:00:00,164,4.14,0.384,0.05,0.072
SoundCloud,2026.03.27-release,2026-03-30 00:00:00,229,4.13,0.369,-0.01,-0.015
SoundCloud,2021.07.19-release,2026-04-05 00:00:00,1,5.0,0.475,0.87,0.106
SoundCloud,2021.03.24-release,2026-04-07 00:00:00,1,4.0,0.178,-1.0,-0.297
SoundCloud,2026.04.01-release,2026-04-08 00:00:00,182,4.18,0.336,0.18,0.158
SoundCloud,2026.04.09-release,2026-04-14 00:00:00,138,3.77,0.333,-0.41,-0.003
SoundCloud,2026.04.16-release,2026-04-20 00:00:00,65,3.55,0.282,-0.22,-0.051
SoundCloud,2026.04.27-release,2026-04-29 00:00:00,136,3.88,0.341,0.33,0.059
SoundCloud,2026.04.30-release,2026-05-05 00:00:00,194,4.32,0.411,0.44,0.07
SoundCloud,2026.05.07-release,2026-05-12 00:00:00,210,4.12,0.366,-0.2,-0.045
SoundCloud,1.1.6,2026-05-14 00:00:00,1,1.0,0.0,-3.12,-0.366
SoundCloud,2026.05.15-release,2026-05-20 00:00:00,200,4.19,0.42,3.19,0.42
SoundCloud,2026.05.21-release,2026-05-26 00:00:00,262,4.37,0.386,0.18,-0.034
SoundCloud,2026.05.21-beta,2026-05-26 00:00:00,1,5.0,0.542,0.63,0.156
SoundCloud,2023.08.08-release,2026-05-29 00:00:00,1,5.0,0.493,0.0,-0.049
SoundCloud,15.05.26-release,2026-06-02 00:00:00,1,1.0,-0.794,-4.0,-1.287
SoundCloud,2026.05.29-release,2026-06-02 00:00:00,244,4.33,0.373,3.33,1.167
SoundCloud,2021.09.16-release,2026-06-05 00:00:00,1,1.0,-0.226,-3.33,-0.599
SoundCloud,2026.06.03-release,2026-06-08 00:00:00,231,4.31,0.358,3.31,0.584
SoundCloud,2021.04.26-release,2026-06-15 00:00:00,1,1.0,0.192,-3.31,-0.166
SoundCloud,2026.06.10-release,2026-06-16 00:00:00,218,4.18,0.344,3.18,0.152
SoundCloud,2026.06.17-release,2026-06-22 00:00:00,36,4.39,0.378,0.21,0.034
SoundCloud,2026.06.24-release,2026-06-25 00:00:00,169,4.36,0.387,-0.03,0.009
SoundCloud,2019.06.11-release,2026-06-29 00:00:00,1,5.0,0.0,0.64,-0.387
SoundCloud,2026.06.25-release,2026-06-30 00:00:00,184,4.2,0.353,-0.8,0.353
SoundCloud,2020.05.04-release,2026-07-03 00:00:00,1,1.0,0.439,-3.2,0.086
SoundCloud,2022.03.18-release,2026-07-05 00:00:00,1,1.0,0.634,0.0,0.195
SoundCloud,2018.09.03-release,2026-07-05 00:00:00,1,3.0,0.0,2.0,-0.634
SoundCloud,2026.07.03-release,2026-07-06 00:00:00,286,4.2,0.364,1.2,0.364
SoundCloud,2023.11.14-release,2026-07-11 00:00:00,1,5.0,0.382,0.8,0.018
SoundCloud,2026.07.10-release,2026-07-14 00:00:00,2,3.5,-0.181,-1.5,-0.563
SoundCloud,2026.07.15-release,2026-07-16 00:00:00,395,4.21,0.352,0.71,0.533
SoundCloud,2026.07.03-beta,2026-07-18 00:00:00,1,4.0,0.44,-0.21,0.088
SoundCloud,2026.07.23-release,2026-07-28 00:00:00,67,4.18,0.368,0.18,-0.072
Spotify,,,3194,3.74,0.304,,
Spotify,9.1.62.1601,2026-07-05 00:00:00,3321,3.98,0.347,0.24,0.043
Spotify,9.1.60.1970,2026-07-05 00:00:00,873,4.24,0.41,0.26,0.063
Spotify,9.1.52.1388,2026-07-06 00:00:00,3,1.33,-0.086,-2.91,-0.496
Spotify,9.0.74.1121,2026-07-06 00:00:00,5,3.6,0.257,2.27,0.343
Spotify,8.8.92.700,2026-07-06 00:00:00,1,2.0,0.382,-1.6,0.125
Spotify,9.0.90.1229,2026-07-06 00:00:00,15,3.93,0.302,1.93,-0.08
Spotify,9.0.36.697,2026-07-06 00:00:00,9,3.11,0.45,-0.82,0.148
Spotify,8.9.76.538,2026-07-06 00:00:00,12,4.17,0.431,1.06,-0.019
Spotify,9.1.52.1394,2026-07-06 00:00:00,259,4.02,0.346,-0.15,-0.085
Spotify,9.1.4.1171,2026-07-06 00:00:00,4,3.0,0.237,-1.02,-0.109
Spotify,9.1.0.1147,2026-07-06 00:00:00,19,2.58,-0.004,-0.42,-0.241
Spotify,9.0.60.614,2026-07-06 00:00:00,6,2.17,0.28,-0.41,0.284
Spotify,8.9.4.304,2026-07-06 00:00:00,5,4.0,0.439,1.83,0.159
Spotify,9.1.42.2058,2026-07-06 00:00:00,68,3.65,0.257,-0.35,-0.182
Spotify,9.1.34.2060,2026-07-06 00:00:00,29,3.83,0.296,0.18,0.039
Spotify,9.1.56.574,2026-07-06 00:00:00,82,4.11,0.348,0.28,0.052
Spotify,9.1.58.1567,2026-07-06 00:00:00,289,4.25,0.38,0.14,0.032
Spotify,9.1.44.2120,2026-07-06 00:00:00,94,3.43,0.186,-0.82,-0.194
Spotify,9.1.40.1486,2026-07-06 00:00:00,42,3.62,0.338,0.19,0.152
Spotify,8.8.6.472,2026-07-06 00:00:00,1,4.0,0.699,0.38,0.361
Spotify,9.1.24.1739,2026-07-06 00:00:00,23,3.09,0.136,-0.91,-0.563
Spotify,9.1.6.1139,2026-07-06 00:00:00,8,3.88,0.444,0.79,0.308
Spotify,9.0.56.591,2026-07-06 00:00:00,14,3.36,0.319,-0.52,-0.125
Spotify,8.7.8.1206,2026-07-06 00:00:00,1,2.0,-0.039,-1.36,-0.358
Spotify,8.7.2.1205,2026-07-06 00:00:00,1,4.0,0.748,2.0,0.787
Spotify,9.1.22.1630,2026-07-06 00:00:00,13,3.69,0.325,-0.31,-0.423
Spotify,9.0.94.274,2026-07-06 00:00:00,8,3.88,0.293,0.19,-0.032
Spotify,9.0.48.380,2026-07-06 00:00:00,3,5.0,0.507,1.12,0.214
Spotify,9.1.50.1906,2026-07-07 00:00:00,44,3.8,0.293,-1.2,-0.214
Spotify,9.0.14.561,2026-07-07 00:00:00,1,4.0,0.44,0.2,0.147
Spotify,8.9.64.548,2026-07-07 00:00:00,3,3.67,0.139,-0.33,-0.301
Spotify,9.0.78.1116,2026-07-07 00:00:00,6,3.5,0.304,-0.17,0.165
Spotify,9.0.22.543,2026-07-07 00:00:00,6,4.0,0.306,0.5,0.002
Spotify,8.9.86.551,2026-07-07 00:00:00,7,2.71,0.079,-1.29,-0.227
Spotify,9.1.28.2252,2026-07-07 00:00:00,16,3.94,0.424,1.23,0.345
Spotify,9.1.32.2083,2026-07-07 00:00:00,22,4.45,0.454,0.51,0.03
Spotify,9.1.16.1450,2026-07-07 00:00:00,22,3.77,0.304,-0.68,-0.15
Spotify,8.7.54.403,2026-07-07 00:00:00,1,1.0,0.44,-2.77,0.136
Spotify,9.1.62.1598,2026-07-07 00:00:00,8,3.38,0.247,2.38,-0.193
Spotify,8.8.96.364,2026-07-07 00:00:00,10,2.3,0.1,-1.08,-0.147
Spotify,9.1.36.1948,2026-07-08 00:00:00,24,3.75,0.295,1.45,0.195
Spotify,9.0.64.608,2026-07-08 00:00:00,7,2.57,-0.037,-1.18,-0.332
Spotify,9.0.28.630,2026-07-08 00:00:00,6,2.5,-0.156,-0.07,-0.119
Spotify,8.9.82.607,2026-07-08 00:00:00,1,3.0,0.612,0.5,0.768
Spotify,8.9.98.488,2026-07-08 00:00:00,4,2.5,-0.291,-0.5,-0.903
Spotify,8.8.74.652,2026-07-08 00:00:00,3,1.67,-0.483,-0.83,-0.192
Spotify,9.1.20.1452,2026-07-08 00:00:00,6,2.83,0.174,1.16,0.657
Spotify,9.1.48.1663,2026-07-08 00:00:00,8,3.38,0.245,0.55,0.071
Spotify,9.0.10.415,2026-07-08 00:00:00,6,3.67,0.405,0.29,0.16
Spotify,9.0.34.593,2026-07-08 00:00:00,7,3.29,0.346,-0.38,-0.059
Spotify,9.1.64.1671,2026-07-08 00:00:00,19,3.21,0.372,-0.08,0.026
Spotify,8.7.92.521,2026-07-08 00:00:00,12,3.5,0.411,0.29,0.039
Spotify,8.9.30.433,2026-07-08 00:00:00,2,1.0,-0.322,-2.5,-0.733
Spotify,8.9.96.476,2026-07-08 00:00:00,4,2.0,-0.327,1.0,-0.005
Spotify,9.1.18.1504,2026-07-08 00:00:00,6,2.5,0.193,0.5,0.52
Spotify,9.0.62.622,2026-07-08 00:00:00,18,3.44,0.18,0.94,-0.013
Spotify,9.0.68.632,2026-07-08 00:00:00,11,2.45,0.049,-0.99,-0.131
Spotify,8.9.24.633,2026-07-08 00:00:00,4,3.0,0.37,0.55,0.321
Spotify,9.0.82.1032,2026-07-08 00:00:00,8,3.5,0.167,0.5,-0.203
Spotify,9.1.2.1253,2026-07-08 00:00:00,10,2.5,0.381,-1.0,0.214
Spotify,8.8.58.473,2026-07-08 00:00:00,2,3.0,0.255,0.5,-0.126
Spotify,9.0.76.1126,2026-07-09 00:00:00,5,3.6,0.665,0.6,0.41
Spotify,9.1.14.864,2026-07-09 00:00:00,7,3.43,0.331,-0.17,-0.334
Spotify,9.0.66.655,2026-07-09 00:00:00,9,1.89,0.12,-1.54,-0.211
Spotify,8.7.68.568,2026-07-09 00:00:00,3,5.0,0.341,3.11,0.221
Spotify,8.6.70.1102,2026-07-09 00:00:00,1,1.0,-0.872,-4.0,-1.213
Spotify,9.1.30.1993,2026-07-09 00:00:00,18,4.22,0.428,3.22,1.3
Spotify,9.0.18.604,2026-07-09 00:00:00,5,2.6,0.096,-1.62,-0.332
Spotify,8.8.46.529,2026-07-09 00:00:00,2,4.0,0.705,1.4,0.609
Spotify,8.9.10.616,2026-07-09 00:00:00,1,4.0,0.238,0.0,-0.467
Spotify,8.5.48.1049,2026-07-09 00:00:00,1,3.0,0.796,-1.0,0.558
Spotify,8.7.40.777,2026-07-09 00:00:00,1,1.0,0.0,-2.0,-0.796
Spotify,9.1.6.1145,2026-07-09 00:00:00,24,4.13,0.135,3.13,0.135
Spotify,8.8.66.563,2026-07-09 00:00:00,2,3.0,0.603,-1.13,0.468
Spotify,9.0.84.1340,2026-07-09 00:00:00,3,3.67,0.308,0.67,-0.295
Spotify,8.8.40.470,2026-07-09 00:00:00,10,3.4,0.15,-0.27,-0.158
Spotify,8.9.34.590,2026-07-09 00:00:00,3,1.67,-0.308,-1.73,-0.458
Spotify,8.9.40.509,2026-07-09 00:00:00,2,5.0,0.421,3.33,0.729
Spotify,9.1.12.226,2026-07-09 00:00:00,10,3.9,0.275,-1.1,-0.146
Spotify,9.0.46.496,2026-07-09 00:00:00,7,2.86,0.112,-1.04,-0.163
Spotify,8.8.54.481,2026-07-09 00:00:00,2,2.5,0.467,-0.36,0.355
Spotify,9.0.96.826,2026-07-09 00:00:00,10,2.9,0.282,0.4,-0.185
Spotify,8.9.78.513,2026-07-09 00:00:00,3,1.0,-0.205,-1.9,-0.487
Spotify,9.1.64.1674,2026-07-10 00:00:00,1,5.0,0.44,4.0,0.645
Spotify,9.0.20.604,2026-07-10 00:00:00,6,3.33,0.295,-1.67,-0.145
Spotify,8.6.98.900,2026-07-10 00:00:00,1,1.0,0.625,-2.33,0.33
Spotify,9.0.40.391,2026-07-10 00:00:00,4,3.75,0.378,2.75,-0.247
Spotify,9.0.84.1314,2026-07-10 00:00:00,1,1.0,-0.421,-2.75,-0.799
Spotify,8.8.80.599,2026-07-10 00:00:00,12,3.83,0.122,2.83,0.543
Spotify,8.9.36.616,2026-07-10 00:00:00,2,3.0,-0.243,-0.83,-0.365
Spotify,8.7.86.422,2026-07-10 00:00:00,3,3.0,-0.078,0.0,0.165
Spotify,8.6.74.1176,2026-07-10 00:00:00,2,3.5,0.574,0.5,0.652
Spotify,8.9.62.566,2026-07-10 00:00:00,5,2.0,-0.082,-1.5,-0.656
Spotify,8.9.92.408,2026-07-10 00:00:00,4,3.5,0.552,1.5,0.634
Spotify,9.1.64.1676,2026-07-10 00:00:00,7661,3.95,0.346,0.45,-0.206
Spotify,8.9.6.458,2026-07-11 00:00:00,1,1.0,-0.469,-2.95,-0.815
Spotify,8.9.84.594,2026-07-11 00:00:00,3,2.33,-0.019,1.33,0.45
Spotify,9.0.50.416,2026-07-11 00:00:00,2,1.5,-0.382,-0.83,-0.363
Spotify,8.9.44.368,2026-07-11 00:00:00,6,3.67,0.227,2.17,0.609
Spotify,8.7.28.1217,2026-07-11 00:00:00,2,5.0,0.629,1.33,0.402
Spotify,8.6.78.266,2026-07-11 00:00:00,1,1.0,0.026,-4.0,-0.603
Spotify,8.8.68.565,2026-07-12 00:00:00,1,5.0,0.637,4.0,0.611
Spotify,9.0.44.478,2026-07-12 00:00:00,2,1.5,-0.111,-3.5,-0.748
Spotify,8.8.44.527,2026-07-12 00:00:00,3,1.0,-0.204,-0.5,-0.093
Spotify,9.1.20.1442,2026-07-12 00:00:00,1,5.0,0.718,4.0,0.922
Spotify,8.6.48.796,2026-07-12 00:00:00,1,2.0,-0.258,-3.0,-0.976
Spotify,8.7.78.373,2026-07-12 00:00:00,2,3.0,0.381,1.0,0.639
Spotify,8.5.5.853,2026-07-12 00:00:00,1,5.0,0.949,2.0,0.568
Spotify,9.1.46.1922,2026-07-12 00:00:00,1,5.0,0.633,0.0,-0.316
Spotify,8.6.56.867,2026-07-12 00:00:00,1,5.0,0.917,0.0,0.284
Spotify,8.6.20.1063,2026-07-12 00:00:00,2,1.0,0.278,-4.0,-0.639
Spotify,8.8.2.434,2026-07-12 00:00:00,1,3.0,-0.052,2.0,-0.33
Spotify,8.9.42.575,2026-07-13 00:00:00,2,3.0,0.363,0.0,0.415
Spotify,9.1.50.1903,2026-07-13 00:00:00,1,5.0,0.0,2.0,-0.363
Spotify,8.8.36.522,2026-07-13 00:00:00,4,1.5,0.52,-3.5,0.52
Spotify,8.8.12.545,2026-07-13 00:00:00,1,1.0,0.296,-0.5,-0.224
Spotify,8.7.36.905,2026-07-13 00:00:00,1,5.0,0.914,4.0,0.618
Spotify,9.0.58.596,2026-07-13 00:00:00,5,3.8,0.661,-1.2,-0.253
Spotify,9.0.86.1358,2026-07-13 00:00:00,9,4.22,0.107,0.42,-0.554
Spotify,9.0.28.121,2026-07-13 00:00:00,1,5.0,0.659,0.78,0.552
Spotify,9.0.80.1343,2026-07-13 00:00:00,4,3.0,-0.008,-2.0,-0.667
Spotify,8.8.4.518,2026-07-14 00:00:00,1,5.0,0.382,2.0,0.39
Spotify,8.8.28.409,2026-07-14 00:00:00,5,4.0,0.331,-1.0,-0.051
Spotify,8.9.20.574,2026-07-14 00:00:00,1,1.0,-0.652,-3.0,-0.983
Spotify,9.0.0.487,2026-07-14 00:00:00,1,1.0,0.329,0.0,0.981
Spotify,9.0.30.642,2026-07-14 00:00:00,5,1.2,-0.244,0.2,-0.573
Spotify,8.6.70.1093,2026-07-14 00:00:00,1,1.0,0.0,-0.2,0.244
Spotify,8.7.32.1554,2026-07-14 00:00:00,1,1.0,0.0,0.0,0.0
Spotify,8.7.56.421,2026-07-14 00:00:00,7,4.14,0.546,3.14,0.546
Spotify,9.0.72.967,2026-07-14 00:00:00,3,5.0,0.563,0.86,0.017
Spotify,8.6.82.1113,2026-07-14 00:00:00,1,1.0,-0.052,-4.0,-0.615
Spotify,8.9.70.556,2026-07-14 00:00:00,4,2.0,-0.031,1.0,0.021
Spotify,8.9.46.426,2026-07-15 00:00:00,2,5.0,0.229,3.0,0.26
Spotify,8.9.26.592,2026-07-15 00:00:00,1,5.0,0.493,0.0,0.264
Spotify,9.0.42.522,2026-07-15 00:00:00,2,3.0,0.413,-2.0,-0.08
Spotify,9.0.54.518,2026-07-15 00:00:00,5,4.2,0.336,1.2,-0.077
Spotify,8.7.66.534,2026-07-15 00:00:00,1,5.0,0.202,0.8,-0.134
Spotify,9.0.2.459,2026-07-15 00:00:00,4,4.0,0.567,-1.0,0.365
Spotify,8.8.22.510,2026-07-15 00:00:00,3,3.33,0.296,-0.67,-0.271
Spotify,8.5.36.747,2026-07-15 00:00:00,1,4.0,0.238,0.67,-0.058
Spotify,9.0.26.632,2026-07-15 00:00:00,5,3.2,0.105,-0.8,-0.133
Spotify,8.9.68.456,2026-07-15 00:00:00,2,3.5,-0.068,0.3,-0.173
Spotify,9.0.32.624,2026-07-15 00:00:00,6,4.5,0.25,1.0,0.318
Spotify,8.7.4.1056,2026-07-16 00:00:00,1,3.0,0.103,-1.5,-0.147
Spotify,9.0.16.572,2026-07-16 00:00:00,6,4.17,0.557,1.17,0.454
Spotify,8.8.32.508,2026-07-16 00:00:00,2,3.0,0.082,-1.17,-0.475
Spotify,8.9.90.127,2026-07-16 00:00:00,4,3.0,-0.108,0.0,-0.19
Spotify,8.7.84.382,2026-07-16 00:00:00,1,5.0,0.637,2.0,0.745
Spotify,8.7.44.968,2026-07-16 00:00:00,1,5.0,0.625,0.0,-0.012
Spotify,8.9.14.543,2026-07-17 00:00:00,1,1.0,0.477,-4.0,-0.148
Spotify,9.0.20.603,2026-07-17 00:00:00,1,5.0,0.848,4.0,0.371
Spotify,8.5.75.766,2026-07-17 00:00:00,1,1.0,-0.796,-4.0,-1.644
Spotify,9.1.66.2156,2026-07-17 00:00:00,13,3.77,0.593,2.77,1.389
Spotify,8.8.64.554,2026-07-18 00:00:00,1,5.0,0.437,1.23,-0.156
Spotify,8.6.42.671,2026-07-18 00:00:00,2,1.0,-0.792,-4.0,-1.229
Spotify,8.9.82.620,2026-07-18 00:00:00,2,4.0,-0.271,3.0,0.521
Spotify,8.9.80.581,2026-07-18 00:00:00,4,1.5,-0.417,-2.5,-0.146
Spotify,8.9.78.4,2026-07-18 00:00:00,1,5.0,0.637,3.5,1.054
Spotify,8.9.74.568,2026-07-18 00:00:00,1,2.0,-0.625,-3.0,-1.262
Spotify,8.9.66.543,2026-07-19 00:00:00,2,4.5,0.22,2.5,0.845
Spotify,9.0.52.505,2026-07-19 00:00:00,2,5.0,0.787,0.5,0.567
Spotify,8.7.74.443,2026-07-19 00:00:00,1,5.0,0.726,0.0,-0.061
Spotify,9.1.66.2142,2026-07-19 00:00:00,20,3.75,0.348,-1.25,-0.378
Spotify,8.8.8.548,2026-07-19 00:00:00,2,5.0,0.448,1.25,0.1
Spotify,8.4.19.792,2026-07-19 00:00:00,2,4.0,0.478,-1.0,0.03
Spotify,7.2.0.1250,2026-07-19 00:00:00,1,1.0,0.694,-3.0,0.216
Spotify,9.0.42.529,2026-07-19 00:00:00,4,3.0,-0.036,2.0,-0.73
Spotify,9.1.26.2265,2026-07-20 00:00:00,1,5.0,0.44,2.0,0.476
Spotify,9.1.66.2133,2026-07-20 00:00:00,1,4.0,0.0,-1.0,-0.44
Spotify,8.9.58.572,2026-07-21 00:00:00,1,1.0,0.0,-3.0,0.0
Spotify,8.5.96.936,2026-07-21 00:00:00,1,1.0,-0.531,0.0,-0.531
Spotify,8.8.88.397,2026-07-21 00:00:00,1,1.0,0.356,0.0,0.887
Spotify,9.0.8.127,2026-07-22 00:00:00,2,2.0,0.214,1.0,-0.142
Spotify,8.9.8.545,2026-07-22 00:00:00,2,3.5,0.707,1.5,0.493
Spotify,8.9.52.552,2026-07-22 00:00:00,1,5.0,0.659,1.5,-0.048
Spotify,9.1.68.1888,2026-07-22 00:00:00,3152,3.84,0.327,-1.16,-0.332
Spotify,9.1.68.1874,2026-07-22 00:00:00,25,3.6,0.247,-0.24,-0.08
Spotify,8.6.66.1238,2026-07-22 00:00:00,1,1.0,0.62,-2.6,0.373
Spotify,9.0.88.1405,2026-07-22 00:00:00,2,4.5,0.556,3.5,-0.064
Spotify,8.9.18.512,2026-07-23 00:00:00,1,5.0,0.0,0.5,-0.556
Spotify,8.7.0.1154,2026-07-23 00:00:00,1,3.0,0.727,-2.0,0.727
Spotify,8.8.20.544,2026-07-23 00:00:00,1,5.0,0.0,2.0,-0.727
Spotify,8.9.38.494,2026-07-23 00:00:00,1,4.0,-0.459,-1.0,-0.459
Spotify,8.8.94.577,2026-07-23 00:00:00,2,3.0,0.124,-1.0,0.583
Spotify,8.6.64.1081,2026-07-24 00:00:00,1,2.0,-0.95,-1.0,-1.074
Spotify,9.0.98.1187,2026-07-24 00:00:00,2,2.5,-0.224,0.5,0.726
Spotify,8.8.52.458,2026-07-24 00:00:00,1,5.0,0.273,2.5,0.497
Spotify,8.6.32.925,2026-07-24 00:00:00,1,1.0,-0.421,-4.0,-0.694
Spotify,8.6.28.700,2026-07-24 00:00:00,1,1.0,0.241,0.0,0.662
Spotify,8.7.20.1261,2026-07-24 00:00:00,1,5.0,0.0,4.0,-0.241
Spotify,8.5.18.934,2026-07-25 00:00:00,1,5.0,0.637,0.0,0.637
Spotify,8.7.88.496,2026-07-25 00:00:00,1,5.0,0.625,0.0,-0.012
Spotify,8.4.38.621,2026-07-25 00:00:00,1,2.0,0.194,-3.0,-0.431
Spotify,8.9.56.618,2026-07-26 00:00:00,1,5.0,0.578,3.0,0.384
Spotify,8.8.76.667,2026-07-26 00:00:00,2,2.5,-0.579,-2.5,-1.157
Spotify,8.5.89.901,2026-07-26 00:00:00,1,1.0,-0.659,-1.5,-0.08
Spotify,8.7.14.1332,2026-07-27 00:00:00,1,2.0,0.859,1.0,1.518
Spotify,9.1.24.1723,2026-07-27 00:00:00,1,4.0,0.0,2.0,-0.859
Spotify,8.9.94.470,2026-07-27 00:00:00,2,2.0,-0.148,-2.0,-0.148
Spotify,8.7.16.1354,2026-07-27 00:00:00,1,5.0,0.83,3.0,0.978
Spotify,9.1.48.1661,2026-07-27 00:00:00,2,3.0,-0.04,-2.0,-0.87
Spotify,8.6.84.1240,2026-07-27 00:00:00,1,3.0,0.0,0.0,0.04
Spotify,8.8.90.893,2026-07-28 00:00:00,2,3.0,0.249,0.0,0.249
Spotify,9.0.24.593,2026-07-28 00:00:00,1,5.0,0.637,2.0,0.388
Spotify,6.0.0.864,2026-07-29 00:00:00,1,5.0,0.0,0.0,-0.637
Spotify,8.9.32.624,2026-07-29 00:00:00,1,5.0,-0.625,0.0,-0.625
Spotify,9.1.70.1902,2026-07-29 00:00:00,18,4.44,0.354,-0.56,0.979
Spotify,9.1.70.1896,2026-07-30 00:00:00,10,3.9,0.25,-0.54,-0.104
Spotify,8.7.64.478,2026-07-31 00:00:00,1,1.0,-0.361,-2.9,-0.611
Spotify,8.7.48.1062,2026-08-01 00:00:00,1,1.0,0.0,0.0,0.361
Spotify,9.0.24.601,2026-08-01 00:00:00,1,1.0,0.0,0.0,0.0
Spotify,9.1.40.1482,2026-08-01 00:00:00,1,1.0,-0.784,0.0,-0.784
Spotify,8.6.14.975,2026-08-01 00:00:00,1,4.0,-0.704,3.0,0.08
YouTube Music,,,1933,3.78,0.307,,
YouTube Music,5.24.50,2026-03-14 00:00:00,2,5.0,0.48,1.22,0.173
YouTube Music,9.06.51,2026-03-14 00:00:00,69,4.09,0.363,-0.91,-0.117
YouTube Music,9.09.53,2026-03-14 00:00:00,8,4.38,0.299,0.29,-0.064
YouTube Music,9.07.51,2026-03-14 00:00:00,98,4.39,0.413,0.01,0.114
YouTube Music,7.18.52,2026-03-14 00:00:00,6,3.67,0.224,-0.72,-0.189
YouTube Music,9.09.40-WEAR_RELEASE,2026-03-14 00:00:00,1,5.0,0.421,1.33,0.197
YouTube Music,6.20.51,2026-03-14 00:00:00,475,4.28,0.395,-0.72,-0.026
YouTube Music,8.50.51,2026-03-14 00:00:00,96,4.22,0.315,-0.06,-0.08
YouTube Music,9.09.52,2026-03-14 00:00:00,212,4.35,0.385,0.13,0.07
YouTube Music,9.08.51,2026-03-14 00:00:00,104,4.26,0.364,-0.09,-0.021
YouTube Music,9.10.52,2026-03-14 00:00:00,1466,4.4,0.454,0.14,0.09
YouTube Music,9.04.50,2026-03-15 00:00:00,56,3.66,0.293,-0.74,-0.161
YouTube Music,7.13.52,2026-03-15 00:00:00,133,4.2,0.393,0.54,0.1
YouTube Music,5.30.51,2026-03-15 00:00:00,1,4.0,0.625,-0.2,0.232
YouTube Music,8.22.52,2026-03-15 00:00:00,15,3.33,0.195,-0.67,-0.43
YouTube Music,8.18.51,2026-03-15 00:00:00,7,3.14,0.238,-0.19,0.043
YouTube Music,9.04.51,2026-03-15 00:00:00,1,5.0,0.44,1.86,0.202
YouTube Music,5.49.54,2026-03-15 00:00:00,22,2.91,0.163,-2.09,-0.277
YouTube Music,7.16.52,2026-03-15 00:00:00,193,4.16,0.35,1.25,0.187
YouTube Music,6.42.52,2026-03-15 00:00:00,275,4.47,0.396,0.31,0.046
YouTube Music,7.26.51,2026-03-15 00:00:00,14,4.86,0.619,0.39,0.223
YouTube Music,8.38.52,2026-03-15 00:00:00,102,2.75,0.171,-2.11,-0.448
YouTube Music,8.26.51,2026-03-15 00:00:00,38,3.95,0.323,1.2,0.152
YouTube Music,8.30.51,2026-03-15 00:00:00,45,3.78,0.289,-0.17,-0.034
YouTube Music,8.47.54,2026-03-15 00:00:00,51,3.75,0.268,-0.03,-0.021
YouTube Music,9.03.52,2026-03-15 00:00:00,53,3.72,0.204,-0.03,-0.064
YouTube Music,8.36.51,2026-03-15 00:00:00,22,3.86,0.294,0.14,0.09
YouTube Music,6.49.53,2026-03-16 00:00:00,56,3.86,0.282,0.0,-0.012
YouTube Music,5.11.55,2026-03-16 00:00:00,17,4.29,0.397,0.43,0.115
YouTube Music,8.33.53,2026-03-16 00:00:00,18,3.83,0.251,-0.46,-0.146
YouTube Music,6.37.50,2026-03-16 00:00:00,30,3.37,0.088,-0.46,-0.163
YouTube Music,6.33.51,2026-03-16 00:00:00,48,4.35,0.393,0.98,0.305
YouTube Music,8.23.52,2026-03-16 00:00:00,1,4.0,-0.712,-0.35,-1.105
YouTube Music,9.05.51,2026-03-16 00:00:00,52,3.6,0.258,-0.4,0.97
YouTube Music,7.23.51,2026-03-16 00:00:00,2,5.0,0.506,1.4,0.248
YouTube Music,8.29.52,2026-03-16 00:00:00,17,3.24,0.298,-1.76,-0.208
YouTube Music,9.02.50,2026-03-16 00:00:00,38,3.92,0.399,0.68,0.101
YouTube Music,8.42.53,2026-03-16 00:00:00,21,3.71,0.458,-0.21,0.059
YouTube Music,7.25.52,2026-03-16 00:00:00,17,4.0,0.26,0.29,-0.198
YouTube Music,6.34.51,2026-03-17 00:00:00,7,3.86,0.367,-0.14,0.107
YouTube Music,2.41.54,2026-03-17 00:00:00,3,5.0,0.502,1.14,0.135
YouTube Music,8.25.53,2026-03-17 00:00:00,59,3.14,0.14,-1.86,-0.362
YouTube Music,8.40.52,2026-03-17 00:00:00,13,3.31,0.169,0.17,0.029
YouTube Music,9.11.54,2026-03-17 00:00:00,1441,4.39,0.441,1.08,0.272
YouTube Music,8.06.51,2026-03-17 00:00:00,12,3.5,0.26,-0.89,-0.181
YouTube Music,6.29.58,2026-03-17 00:00:00,4,3.75,0.116,0.25,-0.144
YouTube Music,3.49.53,2026-03-17 00:00:00,13,4.0,0.409,0.25,0.293
YouTube Music,8.17.52,2026-03-17 00:00:00,8,2.5,0.001,-1.5,-0.408
YouTube Music,8.51.51,2026-03-17 00:00:00,24,3.58,0.325,1.08,0.324
YouTube Music,9.10.53,2026-03-17 00:00:00,63,4.11,0.365,0.53,0.04
YouTube Music,8.45.51,2026-03-18 00:00:00,32,4.03,0.329,-0.08,-0.036
YouTube Music,9.06.52,2026-03-18 00:00:00,2,5.0,-0.051,0.97,-0.38
YouTube Music,9.10.40-WEAR_RELEASE,2026-03-18 00:00:00,1,4.0,0.44,-1.0,0.491
YouTube Music,5.40.51,2026-03-18 00:00:00,2,4.0,0.584,0.0,0.144
YouTube Music,8.37.55,2026-03-18 00:00:00,9,4.33,0.382,0.33,-0.202
YouTube Music,9.05.40-WEAR_RELEASE,2026-03-18 00:00:00,2,3.5,0.447,-0.83,0.065
YouTube Music,5.33.51,2026-03-18 00:00:00,2,4.0,0.144,0.5,-0.303
YouTube Music,4.38.51,2026-03-18 00:00:00,4,3.25,0.338,-0.75,0.194
YouTube Music,9.11.40-WEAR_RELEASE,2026-03-18 00:00:00,5,3.4,-0.016,0.15,-0.354
YouTube Music,4.44.52,2026-03-18 00:00:00,10,3.7,0.251,0.3,0.267
YouTube Music,7.29.51,2026-03-19 00:00:00,16,4.44,0.375,0.74,0.124
YouTube Music,6.43.52,2026-03-19 00:00:00,6,3.67,0.311,-0.77,-0.064
YouTube Music,6.25.53,2026-03-19 00:00:00,10,3.4,0.237,-0.27,-0.074
YouTube Music,8.09.50,2026-03-19 00:00:00,33,1.79,0.063,-1.61,-0.174
YouTube Music,8.41.51,2026-03-19 00:00:00,19,3.47,0.03,1.68,-0.033
YouTube Music,8.39.53,2026-03-19 00:00:00,7,4.14,0.155,0.67,0.125
YouTube Music,8.49.55,2026-03-19 00:00:00,2,5.0,0.293,0.86,0.138
YouTube Music,5.51.50,2026-03-19 00:00:00,1,1.0,0.585,-4.0,0.292
YouTube Music,6.29.57,2026-03-20 00:00:00,36,3.86,0.296,2.86,-0.289
YouTube Music,2.69.56,2026-03-20 00:00:00,6,3.67,0.326,-0.19,0.03
YouTube Music,7.28.51,2026-03-21 00:00:00,16,3.38,0.144,-0.29,-0.182
YouTube Music,8.19.52,2026-03-21 00:00:00,9,3.67,0.04,0.29,-0.104
YouTube Music,6.36.51,2026-03-21 00:00:00,5,3.4,0.292,-0.27,0.252
YouTube Music,6.47.50,2026-03-21 00:00:00,4,5.0,0.43,1.6,0.138
YouTube Music,6.05.51,2026-03-21 00:00:00,4,3.25,0.082,-1.75,-0.348
YouTube Music,8.23.51,2026-03-21 00:00:00,6,3.83,0.343,0.58,0.261
YouTube Music,8.05.50,2026-03-21 00:00:00,9,2.44,0.13,-1.39,-0.213
YouTube Music,6.01.55,2026-03-21 00:00:00,3,3.67,0.166,1.23,0.036
YouTube Music,6.51.52,2026-03-21 00:00:00,5,2.2,0.005,-1.47,-0.161
YouTube Music,8.14.53,2026-03-21 00:00:00,25,3.76,0.361,1.56,0.356
YouTube Music,7.01.52,2026-03-22 00:00:00,4,4.0,0.395,0.24,0.034
YouTube Music,5.27.50,2026-03-22 00:00:00,1,5.0,-0.361,1.0,-0.756
YouTube Music,3.29.54,2026-03-22 00:00:00,1,5.0,0.421,0.0,0.782
YouTube Music,8.35.52,2026-03-22 00:00:00,17,4.18,0.322,-0.82,-0.099
YouTube Music,7.11.50,2026-03-22 00:00:00,8,3.63,0.295,-0.55,-0.027
YouTube Music,8.49.54,2026-03-22 00:00:00,12,4.33,0.421,0.7,0.126
YouTube Music,5.29.52,2026-03-22 00:00:00,6,3.33,-0.054,-1.0,-0.475
YouTube Music,7.02.51,2026-03-22 00:00:00,6,2.83,-0.182,-0.5,-0.128
YouTube Music,8.08.53,2026-03-23 00:00:00,9,4.11,0.217,1.28,0.399
YouTube Music,7.04.51,2026-03-23 00:00:00,15,3.6,0.318,-0.51,0.101
YouTube Music,8.10.51,2026-03-23 00:00:00,9,4.0,0.126,0.4,-0.192
YouTube Music,8.46.57,2026-03-23 00:00:00,11,3.73,0.155,-0.27,0.029
YouTube Music,8.21.51,2026-03-23 00:00:00,10,3.6,0.145,-0.13,-0.01
YouTube Music,9.11.55,2026-03-24 00:00:00,41,3.93,0.292,0.33,0.147
YouTube Music,9.12.51,2026-03-24 00:00:00,1319,4.28,0.424,0.35,0.132
YouTube Music,4.70.50,2026-03-24 00:00:00,8,4.5,0.357,0.22,-0.067
YouTube Music,8.44.53,2026-03-24 00:00:00,12,3.83,0.366,-0.67,0.009
YouTube Music,4.23.50,2026-03-25 00:00:00,2,3.5,0.608,-0.33,0.242
YouTube Music,9.12.41-WEAR_RELEASE,2026-03-25 00:00:00,6,4.5,0.652,1.0,0.044
YouTube Music,6.03.51,2026-03-25 00:00:00,1,1.0,0.0,-3.5,-0.652
YouTube Music,9.11.20-CAR_RELEASE,2026-03-25 00:00:00,1,3.0,0.0,2.0,0.0
YouTube Music,6.02.53,2026-03-25 00:00:00,1,5.0,0.0,2.0,0.0
YouTube Music,7.31.51,2026-03-25 00:00:00,36,3.5,0.222,-1.5,0.222
YouTube Music,8.50.41-WEAR_RELEASE,2026-03-26 00:00:00,3,2.33,-0.323,-1.17,-0.545
YouTube Music,8.34.51,2026-03-26 00:00:00,11,3.82,0.327,1.49,0.65
YouTube Music,7.14.52,2026-03-27 00:00:00,5,2.0,0.146,-1.82,-0.181
YouTube Music,6.46.52,2026-03-27 00:00:00,3,3.33,0.245,1.33,0.099
YouTube Music,8.43.53,2026-03-28 00:00:00,19,3.84,0.344,0.51,0.099
YouTube Music,7.08.53,2026-03-28 00:00:00,5,4.2,0.343,0.36,-0.001
YouTube Music,4.09.51,2026-03-28 00:00:00,8,4.88,0.325,0.68,-0.018
YouTube Music,3.45.54,2026-03-28 00:00:00,23,3.65,0.401,-1.23,0.076
YouTube Music,8.24.53,2026-03-28 00:00:00,10,3.5,0.123,-0.15,-0.278
YouTube Music,9.08.40-WEAR_RELEASE,2026-03-29 00:00:00,1,5.0,0.625,1.5,0.502
YouTube Music,7.05.54,2026-03-29 00:00:00,2,5.0,0.458,0.0,-0.167
YouTube Music,8.13.52,2026-03-29 00:00:00,1,5.0,0.44,0.0,-0.018
YouTube Music,8.03.51,2026-03-29 00:00:00,13,4.62,0.377,-0.38,-0.063
YouTube Music,7.19.51,2026-03-30 00:00:00,8,2.5,0.23,-2.12,-0.147
YouTube Music,4.52.50,2026-03-30 00:00:00,2,3.0,-0.161,0.5,-0.391
YouTube Music,6.26.50,2026-03-30 00:00:00,2,3.0,0.04,0.0,0.201
YouTube Music,5.50.53,2026-03-30 00:00:00,2,3.0,0.657,0.0,0.617
YouTube Music,8.13.51,2026-03-31 00:00:00,10,2.5,-0.152,-0.5,-0.809
YouTube Music,5.39.52,2026-03-31 00:00:00,3,5.0,0.216,2.5,0.368
YouTube Music,4.37.53,2026-03-31 00:00:00,3,2.0,-0.302,-3.0,-0.518
YouTube Music,9.12.52,2026-04-01 00:00:00,17,3.94,0.359,1.94,0.661
YouTube Music,6.40.52,2026-04-01 00:00:00,2,5.0,0.145,1.06,-0.214
YouTube Music,9.13.50,2026-04-01 00:00:00,623,3.47,0.263,-1.53,0.118
YouTube Music,4.66.51,2026-04-01 00:00:00,12,3.83,0.406,0.36,0.143
YouTube Music,6.34.52,2026-04-02 00:00:00,1,1.0,0.0,-2.83,-0.406
YouTube Music,5.16.51,2026-04-02 00:00:00,5,2.0,-0.075,1.0,-0.075
YouTube Music,5.44.53,2026-04-02 00:00:00,1,5.0,0.44,3.0,0.515
YouTube Music,4.54.52,2026-04-03 00:00:00,5,3.0,-0.063,-2.0,-0.503
YouTube Music,8.12.53,2026-04-03 00:00:00,6,2.83,0.099,-0.17,0.162
YouTube Music,9.13.40-WEAR_RELEASE,2026-04-03 00:00:00,5,3.8,0.347,0.97,0.248
YouTube Music,8.46.53,2026-04-04 00:00:00,8,3.5,0.174,-0.3,-0.173
YouTube Music,6.22.51,2026-04-04 00:00:00,5,3.8,0.362,0.3,0.188
YouTube Music,6.42.55,2026-04-05 00:00:00,2,4.5,0.22,0.7,-0.142
YouTube Music,8.02.53,2026-04-06 00:00:00,9,4.44,0.165,-0.06,-0.055
YouTube Music,5.05.51,2026-04-07 00:00:00,1,5.0,0.857,0.56,0.692
YouTube Music,6.10.51,2026-04-07 00:00:00,1,5.0,0.44,0.0,-0.417
YouTube Music,6.07.50,2026-04-07 00:00:00,2,1.0,-0.166,-4.0,-0.606
YouTube Music,4.26.51,2026-04-07 00:00:00,1,1.0,0.0,0.0,0.166
YouTube Music,9.13.51,2026-04-08 00:00:00,19,3.05,0.087,2.05,0.087
YouTube Music,6.28.52,2026-04-08 00:00:00,4,3.75,0.041,0.7,-0.046
YouTube Music,9.14.51,2026-04-08 00:00:00,113,3.01,0.181,-0.74,0.14
YouTube Music,8.15.51,2026-04-09 00:00:00,8,3.88,0.544,0.87,0.363
YouTube Music,4.28.52,2026-04-09 00:00:00,6,4.0,0.555,0.12,0.011
YouTube Music,6.36.54,2026-04-09 00:00:00,1,2.0,-0.519,-2.0,-1.074
YouTube Music,6.19.51,2026-04-10 00:00:00,3,3.67,0.121,1.67,0.64
YouTube Music,9.14.40-WEAR_RELEASE,2026-04-10 00:00:00,9,2.56,0.067,-1.11,-0.054
YouTube Music,8.07.52,2026-04-10 00:00:00,2,5.0,0.604,2.44,0.537
YouTube Music,5.06.50,2026-04-11 00:00:00,1,1.0,-0.052,-4.0,-0.656
YouTube Music,9.14.53,2026-04-11 00:00:00,630,3.17,0.203,2.17,0.255
YouTube Music,8.11.50,2026-04-12 00:00:00,5,2.6,-0.35,-0.57,-0.553
YouTube Music,5.47.53,2026-04-12 00:00:00,2,1.5,0.142,-1.1,0.492
YouTube Music,8.20.52,2026-04-12 00:00:00,12,4.17,0.204,2.67,0.062
YouTube Music,6.50.51,2026-04-12 00:00:00,3,3.67,0.196,-0.5,-0.008
YouTube Music,9.14.20-CAR_RELEASE,2026-04-12 00:00:00,1,2.0,-0.341,-1.67,-0.537
YouTube Music,4.60.52,2026-04-13 00:00:00,3,2.0,-0.278,0.0,0.063
YouTube Music,8.16.51,2026-04-13 00:00:00,5,3.8,0.462,1.8,0.74
YouTube Music,5.14.53,2026-04-13 00:00:00,4,2.0,-0.247,-1.8,-0.709
YouTube Music,6.41.58,2026-04-13 00:00:00,3,3.33,-0.129,1.33,0.118
YouTube Music,9.14.54,2026-04-14 00:00:00,34,3.35,0.165,0.02,0.294
YouTube Music,6.21.51,2026-04-14 00:00:00,12,3.92,0.088,0.57,-0.077
YouTube Music,6.48.51,2026-04-14 00:00:00,3,2.33,-0.361,-1.59,-0.449
YouTube Music,9.15.50,2026-04-14 00:00:00,776,3.09,0.18,0.76,0.541
YouTube Music,7.27.53,2026-04-15 00:00:00,3,3.67,-0.096,0.58,-0.276
YouTube Music,9.15.40-WEAR_RELEASE,2026-04-15 00:00:00,13,1.69,-0.253,-1.98,-0.157
YouTube Music,8.46.55,2026-04-15 00:00:00,1,1.0,-0.459,-0.69,-0.206
YouTube Music,7.31.52,2026-04-16 00:00:00,1,5.0,0.402,4.0,0.861
YouTube Music,4.55.55,2026-04-16 00:00:00,1,1.0,-0.361,-4.0,-0.763
YouTube Music,8.29.56,2026-04-17 00:00:00,1,5.0,0.361,4.0,0.722
YouTube Music,5.13.40-WEAR_RELEASE,2026-04-18 00:00:00,1,4.0,-0.075,-1.0,-0.436
YouTube Music,5.09.51,2026-04-18 00:00:00,2,1.0,0.202,-3.0,0.277
YouTube Music,5.07.50,2026-04-18 00:00:00,2,3.0,-0.082,2.0,-0.284
YouTube Music,5.02.50,2026-04-18 00:00:00,3,1.67,-0.409,-1.33,-0.327
YouTube Music,8.28.53,2026-04-19 00:00:00,3,4.67,0.0,3.0,0.409
YouTube Music,5.41.50,2026-04-19 00:00:00,2,1.5,0.19,-3.17,0.19
YouTube Music,7.20.51,2026-04-19 00:00:00,3,4.67,0.483,3.17,0.293
YouTube Music,4.07.51,2026-04-20 00:00:00,4,2.75,0.415,-1.92,-0.068
YouTube Music,8.21.52,2026-04-21 00:00:00,2,3.0,-0.295,0.25,-0.71
YouTube Music,8.04.52,2026-04-21 00:00:00,9,3.44,0.306,0.44,0.601
YouTube Music,6.40.41-WEAR_RELEASE,2026-04-21 00:00:00,1,1.0,0.011,-2.44,-0.295
YouTube Music,9.03.41-WEAR_RELEASE,2026-04-22 00:00:00,1,4.0,0.54,3.0,0.529
YouTube Music,7.24.51,2026-04-23 00:00:00,2,3.5,0.213,-0.5,-0.327
YouTube Music,9.15.51,2026-04-23 00:00:00,12,2.83,0.025,-0.67,-0.188
YouTube Music,9.16.51,2026-04-23 00:00:00,955,3.04,0.161,0.21,0.136
YouTube Music,8.39.54,2026-04-23 00:00:00,3,4.0,0.382,0.96,0.221
YouTube Music,9.05.52,2026-04-24 00:00:00,2,1.5,-0.325,-2.5,-0.707
YouTube Music,9.16.40-WEAR_RELEASE,2026-04-24 00:00:00,7,1.43,-0.277,-0.07,0.048
YouTube Music,3.35.51,2026-04-24 00:00:00,6,3.0,0.268,1.57,0.545
YouTube Music,6.04.52,2026-04-25 00:00:00,1,5.0,0.954,2.0,0.686
YouTube Music,6.18.52,2026-04-25 00:00:00,1,2.0,0.034,-3.0,-0.92
YouTube Music,9.06.41-WEAR_RELEASE,2026-04-27 00:00:00,1,2.0,-0.026,0.0,-0.06
YouTube Music,7.21.50,2026-04-28 00:00:00,5,2.6,-0.141,0.6,-0.115
YouTube Music,8.10.52,2026-04-28 00:00:00,1,5.0,0.493,2.4,0.634
YouTube Music,7.33.51,2026-04-28 00:00:00,5,4.4,0.614,-0.6,0.121
YouTube Music,7.03.52,2026-04-28 00:00:00,2,3.5,0.521,-0.9,-0.093
YouTube Music,9.16.52,2026-04-30 00:00:00,41,2.98,0.152,-0.52,-0.369
YouTube Music,6.08.50,2026-04-30 00:00:00,4,3.75,0.076,0.77,-0.076
YouTube Music,5.23.50,2026-04-30 00:00:00,2,3.0,0.58,-0.75,0.504
YouTube Music,9.17.51,2026-04-30 00:00:00,628,3.09,0.209,0.09,-0.371
YouTube Music,4.02.51,2026-05-01 00:00:00,5,4.8,0.495,1.71,0.286
YouTube Music,6.13.52,2026-05-01 00:00:00,3,2.33,-0.278,-2.47,-0.773
YouTube Music,5.36.51,2026-05-01 00:00:00,4,2.0,-0.115,-0.33,0.163
YouTube Music,8.31.53,2026-05-01 00:00:00,5,4.0,0.071,2.0,0.186
YouTube Music,3.43.52,2026-05-01 00:00:00,1,5.0,0.421,1.0,0.35
YouTube Music,4.33.51,2026-05-04 00:00:00,1,1.0,0.39,-4.0,-0.031
YouTube Music,8.49.41-WEAR_RELEASE,2026-05-04 00:00:00,1,4.0,0.937,3.0,0.547
YouTube Music,9.17.40-WEAR_RELEASE,2026-05-04 00:00:00,4,2.0,0.163,-2.0,-0.774
YouTube Music,4.15.50,2026-05-04 00:00:00,2,3.0,0.627,1.0,0.464
YouTube Music,8.45.52,2026-05-05 00:00:00,1,1.0,0.745,-2.0,0.118
YouTube Music,8.37.40-WEAR_RELEASE,2026-05-05 00:00:00,1,1.0,0.0,0.0,-0.745
YouTube Music,4.41.51,2026-05-06 00:00:00,1,5.0,0.493,4.0,0.493
YouTube Music,6.44.54,2026-05-06 00:00:00,4,5.0,0.375,0.0,-0.118
YouTube Music,6.50.52,2026-05-06 00:00:00,1,5.0,0.0,0.0,-0.375
YouTube Music,9.17.54,2026-05-08 00:00:00,27,2.93,0.365,-2.07,0.365
YouTube Music,9.17.52,2026-05-08 00:00:00,29,2.69,0.142,-0.24,-0.223
YouTube Music,9.17.55,2026-05-08 00:00:00,28,2.79,0.084,0.1,-0.058
YouTube Music,9.18.50,2026-05-08 00:00:00,362,3.2,0.188,0.41,0.104
YouTube Music,7.07.51,2026-05-09 00:00:00,6,4.83,0.503,1.63,0.315
YouTube Music,4.46.50,2026-05-10 00:00:00,1,2.0,-0.178,-2.83,-0.681
YouTube Music,6.16.52,2026-05-11 00:00:00,1,1.0,-0.066,-1.0,0.112
YouTube Music,5.12.51,2026-05-12 00:00:00,1,5.0,0.494,4.0,0.56
YouTube Music,7.22.52,2026-05-12 00:00:00,1,5.0,0.637,0.0,0.143
YouTube Music,7.14.53,2026-05-12 00:00:00,1,1.0,0.458,-4.0,-0.179
YouTube Music,8.19.53,2026-05-12 00:00:00,1,5.0,0.44,4.0,-0.018
YouTube Music,9.07.52,2026-05-13 00:00:00,1,5.0,0.493,0.0,0.053
YouTube Music,6.44.52,2026-05-14 00:00:00,1,5.0,0.44,0.0,-0.053
YouTube Music,9.18.51,2026-05-14 00:00:00,15,2.73,0.241,-2.27,-0.199
YouTube Music,9.19.50,2026-05-14 00:00:00,463,3.46,0.253,0.73,0.012
YouTube Music,9.19.40-WEAR_RELEASE,2026-05-15 00:00:00,6,1.5,-0.173,-1.96,-0.426
YouTube Music,8.47.55,2026-05-16 00:00:00,2,5.0,0.854,3.5,1.027
YouTube Music,5.53.50,2026-05-16 00:00:00,1,5.0,0.238,0.0,-0.616
YouTube Music,5.32.50,2026-05-17 00:00:00,1,4.0,0.924,-1.0,0.686
YouTube Music,6.31.55,2026-05-17 00:00:00,3,3.67,0.264,-0.33,-0.66
YouTube Music,9.07.40-WEAR_RELEASE,2026-05-17 00:00:00,1,4.0,0.895,0.33,0.631
YouTube Music,4.40.50,2026-05-17 00:00:00,2,2.0,0.487,-2.0,-0.408
YouTube Music,9.19.51,2026-05-19 00:00:00,14,3.07,0.386,1.07,-0.101
YouTube Music,9.20.52,2026-05-20 00:00:00,572,3.37,0.234,0.3,-0.152
YouTube Music,5.25.51,2026-05-20 00:00:00,2,3.0,0.443,-0.37,0.209
YouTube Music,9.20.40-WEAR_RELEASE,2026-05-20 00:00:00,7,2.86,0.211,-0.14,-0.232
YouTube Music,4.03.51,2026-05-22 00:00:00,1,1.0,0.44,-1.86,0.229
YouTube Music,6.06.52,2026-05-23 00:00:00,1,1.0,0.0,0.0,-0.44
YouTube Music,4.29.50,2026-05-23 00:00:00,1,1.0,0.595,0.0,0.595
YouTube Music,7.10.51,2026-05-23 00:00:00,2,5.0,0.637,4.0,0.042
YouTube Music,8.41.40-WEAR_RELEASE,2026-05-24 00:00:00,1,5.0,0.44,0.0,-0.197
YouTube Music,7.17.51,2026-05-26 00:00:00,3,3.67,0.006,-1.33,-0.434
YouTube Music,6.42.53,2026-05-26 00:00:00,1,4.0,0.273,0.33,0.267
YouTube Music,9.21.51,2026-05-27 00:00:00,1012,3.41,0.228,-0.59,-0.045
YouTube Music,4.49.51,2026-05-27 00:00:00,2,2.5,-0.17,-0.91,-0.398
YouTube Music,9.20.53,2026-05-27 00:00:00,13,3.69,0.225,1.19,0.395
YouTube Music,3.79.50,2026-05-28 00:00:00,1,3.0,0.402,-0.69,0.177
YouTube Music,6.27.53,2026-05-28 00:00:00,2,5.0,0.529,2.0,0.127
YouTube Music,9.21.40-WEAR_RELEASE,2026-05-30 00:00:00,5,1.2,-0.009,-3.8,-0.538
YouTube Music,5.38.53,2026-05-30 00:00:00,2,3.0,-0.146,1.8,-0.137
YouTube Music,4.45.51,2026-05-31 00:00:00,1,5.0,0.891,2.0,1.037
YouTube Music,6.20.52,2026-06-01 00:00:00,1,4.0,0.44,-1.0,-0.451
YouTube Music,9.22.53,2026-06-02 00:00:00,93,3.43,0.278,-0.57,-0.162
YouTube Music,9.21.52,2026-06-03 00:00:00,53,3.25,0.216,-0.18,-0.062
YouTube Music,6.15.51,2026-06-04 00:00:00,1,2.0,0.722,-1.25,0.506
YouTube Music,6.45.54,2026-06-05 00:00:00,1,5.0,0.361,3.0,-0.361
YouTube Music,9.22.41-WEAR_RELEASE,2026-06-06 00:00:00,28,2.29,-0.007,-2.71,-0.368
YouTube Music,4.19.51,2026-06-06 00:00:00,1,1.0,0.0,-1.29,0.007
YouTube Music,4.67.51,2026-06-07 00:00:00,2,1.5,-0.05,0.5,-0.05
YouTube Music,8.30.52,2026-06-07 00:00:00,1,5.0,0.0,3.5,0.05
YouTube Music,7.15.51,2026-06-07 00:00:00,2,4.5,0.413,-0.5,0.413
YouTube Music,5.26.52,2026-06-08 00:00:00,2,3.0,0.433,-1.5,0.02
YouTube Music,9.21.53,2026-06-10 00:00:00,12,2.67,0.48,-0.33,0.047
YouTube Music,9.23.52,2026-06-10 00:00:00,463,3.38,0.225,0.71,-0.255
YouTube Music,5.54.52,2026-06-10 00:00:00,1,5.0,0.637,1.62,0.412
YouTube Music,5.52.51,2026-06-11 00:00:00,2,5.0,-0.069,0.0,-0.706
YouTube Music,9.23.40-WEAR_RELEASE,2026-06-12 00:00:00,6,2.17,0.215,-2.83,0.284
YouTube Music,9.03.53,2026-06-12 00:00:00,1,5.0,0.44,2.83,0.225
YouTube Music,2.43.56,2026-06-13 00:00:00,1,4.0,0.541,-1.0,0.101
YouTube Music,5.48.52,2026-06-15 00:00:00,1,5.0,0.421,1.0,-0.12
YouTube Music,4.59.50,2026-06-15 00:00:00,1,1.0,-0.258,-4.0,-0.679
YouTube Music,9.23.53,2026-06-16 00:00:00,19,3.53,0.225,2.53,0.483
YouTube Music,9.24.51,2026-06-16 00:00:00,658,3.28,0.188,-0.25,-0.037
YouTube Music,5.03.50,2026-06-17 00:00:00,1,5.0,0.0,1.72,-0.188
YouTube Music,7.22.51,2026-06-18 00:00:00,1,1.0,0.0,-4.0,0.0
YouTube Music,8.49.52,2026-06-20 00:00:00,1,5.0,0.625,4.0,0.625
YouTube Music,9.24.40-WEAR_RELEASE,2026-06-20 00:00:00,8,1.75,0.207,-3.25,-0.418
YouTube Music,9.24.52,2026-06-23 00:00:00,22,3.68,0.322,1.93,0.115
YouTube Music,9.25.50,2026-06-23 00:00:00,690,3.37,0.22,-0.31,-0.102
YouTube Music,5.42.50,2026-06-25 00:00:00,1,2.0,-0.117,-1.37,-0.337
YouTube Music,5.05.52,2026-06-30 00:00:00,1,5.0,0.747,3.0,0.864
YouTube Music,9.25.51,2026-07-02 00:00:00,18,3.22,0.197,-1.78,-0.55
YouTube Music,9.26.51,2026-07-02 00:00:00,405,3.41,0.264,0.19,0.067
YouTube Music,5.43.55,2026-07-03 00:00:00,1,1.0,-0.17,-2.41,-0.434
YouTube Music,9.26.41-WEAR_RELEASE,2026-07-03 00:00:00,5,1.4,-0.029,0.4,0.141
YouTube Music,7.12.51,2026-07-03 00:00:00,1,1.0,0.0,-0.4,0.029
YouTube Music,4.47.54,2026-07-08 00:00:00,1,1.0,-0.17,0.0,-0.17
YouTube Music,9.26.55,2026-07-09 00:00:00,332,3.52,0.263,2.52,0.433
YouTube Music,9.26.54,2026-07-09 00:00:00,240,3.5,0.285,-0.02,0.022
YouTube Music,3.88.51,2026-07-10 00:00:00,1,4.0,0.0,0.5,-0.285
YouTube Music,8.36.52,2026-07-12 00:00:00,2,5.0,-0.072,1.0,-0.072
YouTube Music,5.10.52,2026-07-12 00:00:00,1,1.0,-0.121,-4.0,-0.049
YouTube Music,4.57.52,2026-07-14 00:00:00,2,2.5,0.39,1.5,0.511
YouTube Music,5.17.51,2026-07-14 00:00:00,1,1.0,-0.026,-1.5,-0.416
YouTube Music,7.14.40-WEAR_RELEASE,2026-07-15 00:00:00,1,5.0,-0.019,4.0,0.007
YouTube Music,9.28.51,2026-07-16 00:00:00,383,3.28,0.245,-1.72,0.264
YouTube Music,4.34.52,2026-07-16 00:00:00,1,5.0,0.44,1.72,0.195
YouTube Music,5.04.51,2026-07-16 00:00:00,1,1.0,0.0,-4.0,-0.44
YouTube Music,9.26.56,2026-07-17 00:00:00,20,4.0,0.173,3.0,0.173
YouTube Music,4.35.51,2026-07-19 00:00:00,1,1.0,0.077,-3.0,-0.096
YouTube Music,8.26.52,2026-07-20 00:00:00,1,1.0,-0.477,0.0,-0.554
YouTube Music,9.28.54,2026-07-22 00:00:00,5,3.8,0.24,2.8,0.717
YouTube Music,9.29.53,2026-07-23 00:00:00,28,2.86,0.094,-0.94,-0.146
YouTube Music,9.28.41-WEAR_RELEASE,2026-07-23 00:00:00,3,1.67,0.182,-1.19,0.088
YouTube Music,9.28.53,2026-07-23 00:00:00,21,3.29,0.257,1.62,0.075
YouTube Music,9.28.55,2026-07-24 00:00:00,4,3.0,0.289,-0.29,0.032
YouTube Music,9.29.54,2026-07-25 00:00:00,189,3.39,0.265,0.39,-0.024
YouTube Music,9.28.52,2026-07-27 00:00:00,8,4.0,0.318,0.61,0.053
YouTube Music,9.30.41-WEAR_RELEASE,2026-07-28 00:00:00,2,1.0,-0.38,-3.0,-0.698
YouTube Music,9.29.55,2026-07-28 00:00:00,14,3.43,0.233,2.43,0.613
YouTube Music,9.30.52,2026-07-28 00:00:00,81,3.28,0.266,-0.15,0.033
YouTube Music,8.34.40-WEAR_RELEASE,2026-07-28 00:00:00,1,1.0,0.361,-2.28,0.095
YouTube Music,4.54.42-WEAR_RELEASE,2026-07-29 00:00:00,1,5.0,0.0,4.0,-0.361
