app_name,app_version,version_release_date,pre_review_count,pre_avg_rating,pre_avg_sentiment,post_review_count,post_avg_rating,post_avg_sentiment,rating_delta,sentiment_delta
YouTube Music,4.54.52,2026-04-03 00:00:00,3769,4.33,0.429,1813,3.48,0.248,-0.85,-0.181
YouTube Music,8.12.53,2026-04-03 00:00:00,3769,4.33,0.429,1813,3.48,0.248,-0.85,-0.181
YouTube Music,9.13.40-WEAR_RELEASE,2026-04-03 00:00:00,3769,4.33,0.429,1813,3.48,0.248,-0.85,-0.181
YouTube Music,6.34.52,2026-04-02 00:00:00,3996,4.35,0.433,1752,3.52,0.254,-0.83,-0.179
YouTube Music,5.16.51,2026-04-02 00:00:00,3996,4.35,0.433,1752,3.52,0.254,-0.83,-0.179
YouTube Music,5.44.53,2026-04-02 00:00:00,3996,4.35,0.433,1752,3.52,0.254,-0.83,-0.179
YouTube Music,8.46.53,2026-04-04 00:00:00,3584,4.31,0.42,1836,3.45,0.244,-0.86,-0.176
YouTube Music,6.22.51,2026-04-04 00:00:00,3584,4.31,0.42,1836,3.45,0.244,-0.86,-0.176
YouTube Music,6.42.55,2026-04-05 00:00:00,3415,4.29,0.413,1845,3.42,0.241,-0.87,-0.172
YouTube Music,5.05.51,2026-04-07 00:00:00,3002,4.21,0.401,1923,3.38,0.23,-0.83,-0.171
YouTube Music,6.10.51,2026-04-07 00:00:00,3002,4.21,0.401,1923,3.38,0.23,-0.83,-0.171
YouTube Music,6.07.50,2026-04-07 00:00:00,3002,4.21,0.401,1923,3.38,0.23,-0.83,-0.171
YouTube Music,4.26.51,2026-04-07 00:00:00,3002,4.21,0.401,1923,3.38,0.23,-0.83,-0.171
YouTube Music,8.02.53,2026-04-06 00:00:00,3221,4.24,0.406,1877,3.43,0.236,-0.81,-0.17
YouTube Music,9.13.51,2026-04-08 00:00:00,2808,4.16,0.394,1968,3.35,0.224,-0.81,-0.17
YouTube Music,6.28.52,2026-04-08 00:00:00,2808,4.16,0.394,1968,3.35,0.224,-0.81,-0.17
YouTube Music,9.14.51,2026-04-08 00:00:00,2808,4.16,0.394,1968,3.35,0.224,-0.81,-0.17
YouTube Music,8.15.51,2026-04-09 00:00:00,2584,4.11,0.385,1974,3.32,0.215,-0.79,-0.17
YouTube Music,4.28.52,2026-04-09 00:00:00,2584,4.11,0.385,1974,3.32,0.215,-0.79,-0.17
YouTube Music,6.36.54,2026-04-09 00:00:00,2584,4.11,0.385,1974,3.32,0.215,-0.79,-0.17
YouTube Music,6.19.51,2026-04-10 00:00:00,2580,4.06,0.373,2005,3.29,0.206,-0.77,-0.167
YouTube Music,9.14.40-WEAR_RELEASE,2026-04-10 00:00:00,2580,4.06,0.373,2005,3.29,0.206,-0.77,-0.167
YouTube Music,8.07.52,2026-04-10 00:00:00,2580,4.06,0.373,2005,3.29,0.206,-0.77,-0.167
YouTube Music,5.06.50,2026-04-11 00:00:00,2630,4.03,0.365,2054,3.25,0.202,-0.78,-0.163
YouTube Music,9.14.53,2026-04-11 00:00:00,2630,4.03,0.365,2054,3.25,0.202,-0.78,-0.163
YouTube Music,8.11.50,2026-04-12 00:00:00,2461,3.94,0.35,2060,3.25,0.2,-0.69,-0.15
YouTube Music,5.47.53,2026-04-12 00:00:00,2461,3.94,0.35,2060,3.25,0.2,-0.69,-0.15
YouTube Music,8.20.52,2026-04-12 00:00:00,2461,3.94,0.35,2060,3.25,0.2,-0.69,-0.15
YouTube Music,6.50.51,2026-04-12 00:00:00,2461,3.94,0.35,2060,3.25,0.2,-0.69,-0.15
YouTube Music,9.14.20-CAR_RELEASE,2026-04-12 00:00:00,2461,3.94,0.35,2060,3.25,0.2,-0.69,-0.15
YouTube Music,4.60.52,2026-04-13 00:00:00,2342,3.86,0.336,2030,3.21,0.193,-0.65,-0.143
YouTube Music,8.16.51,2026-04-13 00:00:00,2342,3.86,0.336,2030,3.21,0.193,-0.65,-0.143
YouTube Music,5.14.53,2026-04-13 00:00:00,2342,3.86,0.336,2030,3.21,0.193,-0.65,-0.143
YouTube Music,6.41.58,2026-04-13 00:00:00,2342,3.86,0.336,2030,3.21,0.193,-0.65,-0.143
YouTube Music,9.12.52,2026-04-01 00:00:00,3995,4.35,0.431,1945,3.67,0.292,-0.68,-0.139
YouTube Music,6.40.52,2026-04-01 00:00:00,3995,4.35,0.431,1945,3.67,0.292,-0.68,-0.139
YouTube Music,9.13.50,2026-04-01 00:00:00,3995,4.35,0.431,1945,3.67,0.292,-0.68,-0.139
YouTube Music,4.66.51,2026-04-01 00:00:00,3995,4.35,0.431,1945,3.67,0.292,-0.68,-0.139
YouTube Music,8.13.51,2026-03-31 00:00:00,3968,4.35,0.43,2144,3.77,0.312,-0.58,-0.118
YouTube Music,5.39.52,2026-03-31 00:00:00,3968,4.35,0.43,2144,3.77,0.312,-0.58,-0.118
YouTube Music,4.37.53,2026-03-31 00:00:00,3968,4.35,0.43,2144,3.77,0.312,-0.58,-0.118
YouTube Music,9.14.54,2026-04-14 00:00:00,2144,3.77,0.312,2019,3.21,0.195,-0.56,-0.117
YouTube Music,6.21.51,2026-04-14 00:00:00,2144,3.77,0.312,2019,3.21,0.195,-0.56,-0.117
YouTube Music,6.48.51,2026-04-14 00:00:00,2144,3.77,0.312,2019,3.21,0.195,-0.56,-0.117
YouTube Music,9.15.50,2026-04-14 00:00:00,2144,3.77,0.312,2019,3.21,0.195,-0.56,-0.117
SoundCloud,2021.03.30-release,2025-05-02 00:00:00,667,4.04,0.364,691,3.63,0.262,-0.41,-0.102
SoundCloud,2025.04.30-release,2025-05-02 00:00:00,667,4.04,0.364,691,3.63,0.262,-0.41,-0.102
YouTube Music,7.27.53,2026-04-15 00:00:00,1945,3.67,0.292,2046,3.21,0.191,-0.46,-0.101
YouTube Music,9.15.40-WEAR_RELEASE,2026-04-15 00:00:00,1945,3.67,0.292,2046,3.21,0.191,-0.46,-0.101
YouTube Music,8.46.55,2026-04-15 00:00:00,1945,3.67,0.292,2046,3.21,0.191,-0.46,-0.101
SoundCloud,2021.04.08-release,2025-04-30 00:00:00,634,4.11,0.363,730,3.63,0.269,-0.48,-0.094
YouTube Music,7.19.51,2026-03-30 00:00:00,3927,4.36,0.43,2342,3.86,0.336,-0.5,-0.094
YouTube Music,4.52.50,2026-03-30 00:00:00,3927,4.36,0.43,2342,3.86,0.336,-0.5,-0.094
YouTube Music,6.26.50,2026-03-30 00:00:00,3927,4.36,0.43,2342,3.86,0.336,-0.5,-0.094
YouTube Music,5.50.53,2026-03-30 00:00:00,3927,4.36,0.43,2342,3.86,0.336,-0.5,-0.094
SoundCloud,2020.07.28-release,2025-05-01 00:00:00,645,4.09,0.363,716,3.63,0.272,-0.46,-0.091
SoundCloud,2021.11.01-release,2025-05-01 00:00:00,645,4.09,0.363,716,3.63,0.272,-0.46,-0.091
SoundCloud,2020.06.03-release,2025-05-01 00:00:00,645,4.09,0.363,716,3.63,0.272,-0.46,-0.091
SoundCloud,2024.01.08-release,2025-05-01 00:00:00,645,4.09,0.363,716,3.63,0.272,-0.46,-0.091
SoundCloud,2024.07.09-release,2025-04-28 00:00:00,616,4.11,0.364,741,3.67,0.278,-0.44,-0.086
SoundCloud,2018.07.30-release,2025-05-03 00:00:00,691,3.98,0.352,679,3.65,0.269,-0.33,-0.083
SoundCloud,2021.02.01-release,2025-05-03 00:00:00,691,3.98,0.352,679,3.65,0.269,-0.33,-0.083
YouTube Music,9.08.40-WEAR_RELEASE,2026-03-29 00:00:00,3922,4.36,0.432,2461,3.94,0.35,-0.42,-0.082
YouTube Music,7.05.54,2026-03-29 00:00:00,3922,4.36,0.432,2461,3.94,0.35,-0.42,-0.082
YouTube Music,8.13.52,2026-03-29 00:00:00,3922,4.36,0.432,2461,3.94,0.35,-0.42,-0.082
YouTube Music,8.03.51,2026-03-29 00:00:00,3922,4.36,0.432,2461,3.94,0.35,-0.42,-0.082
SoundCloud,2025.11.17-beta,2025-12-07 00:00:00,513,4.12,0.352,587,3.89,0.274,-0.23,-0.078
SoundCloud,2025.12.05-beta,2025-12-08 00:00:00,510,4.14,0.35,570,3.88,0.275,-0.26,-0.075
SoundCloud,2025.02.13-release,2025-04-24 00:00:00,621,4.11,0.373,732,3.79,0.301,-0.32,-0.072
SoundCloud,2023.01.05-release,2025-04-24 00:00:00,621,4.11,0.373,732,3.79,0.301,-0.32,-0.072
SoundCloud,2023.05.02-release,2025-05-04 00:00:00,716,3.95,0.347,663,3.69,0.275,-0.26,-0.072
SoundCloud,2023.07.18-release,2025-05-04 00:00:00,716,3.95,0.347,663,3.69,0.275,-0.26,-0.072
SoundCloud,2025.10.02-release,2025-10-07 00:00:00,547,4.1,0.352,526,4.07,0.282,-0.03,-0.07
SoundCloud,2025.04.24-release,2025-04-25 00:00:00,611,4.15,0.37,744,3.76,0.301,-0.39,-0.069
SoundCloud,2024.02.13-release,2025-04-25 00:00:00,611,4.15,0.37,744,3.76,0.301,-0.39,-0.069
SoundCloud,2024.12.10-release,2025-02-23 00:00:00,139,4.19,0.403,691,4.06,0.336,-0.13,-0.067
SoundCloud,2025.01.22-release,2025-02-23 00:00:00,139,4.19,0.403,691,4.06,0.336,-0.13,-0.067
YouTube Music,8.43.53,2026-03-28 00:00:00,3677,4.37,0.432,2630,4.03,0.365,-0.34,-0.067
YouTube Music,7.08.53,2026-03-28 00:00:00,3677,4.37,0.432,2630,4.03,0.365,-0.34,-0.067
YouTube Music,4.09.51,2026-03-28 00:00:00,3677,4.37,0.432,2630,4.03,0.365,-0.34,-0.067
YouTube Music,3.45.54,2026-03-28 00:00:00,3677,4.37,0.432,2630,4.03,0.365,-0.34,-0.067
YouTube Music,8.24.53,2026-03-28 00:00:00,3677,4.37,0.432,2630,4.03,0.365,-0.34,-0.067
SoundCloud,2025.12.05-release,2025-12-06 00:00:00,515,4.09,0.345,598,3.9,0.28,-0.19,-0.065
SoundCloud,2021.02.08-release,2025-04-27 00:00:00,614,4.1,0.353,739,3.71,0.289,-0.39,-0.064
Amazon Music,26.3.1,2026-02-02 00:00:00,869,3.54,0.29,1082,3.24,0.227,-0.3,-0.063
Amazon Music,6.4.2,2026-02-02 00:00:00,869,3.54,0.29,1082,3.24,0.227,-0.3,-0.063
Amazon Music,25.20.5,2026-02-02 00:00:00,869,3.54,0.29,1082,3.24,0.227,-0.3,-0.063
Amazon Music,25.8.1,2026-02-02 00:00:00,869,3.54,0.29,1082,3.24,0.227,-0.3,-0.063
Amazon Music,2.4.1,2026-02-02 00:00:00,869,3.54,0.29,1082,3.24,0.227,-0.3,-0.063
SoundCloud,2026.04.16-release,2026-04-20 00:00:00,451,4.09,0.346,202,3.49,0.283,-0.6,-0.063
YouTube Music,7.31.52,2026-04-16 00:00:00,1752,3.52,0.254,2078,3.17,0.191,-0.35,-0.063
YouTube Music,4.55.55,2026-04-16 00:00:00,1752,3.52,0.254,2078,3.17,0.191,-0.35,-0.063
Amazon Music,26.2.5,2026-01-27 00:00:00,942,3.57,0.311,996,3.38,0.249,-0.19,-0.062
Amazon Music,26.2.6,2026-01-29 00:00:00,930,3.57,0.305,1001,3.32,0.244,-0.25,-0.061
Amazon Music,26.3.2,2026-02-04 00:00:00,889,3.52,0.282,1084,3.21,0.221,-0.31,-0.061
YouTube Music,7.14.52,2026-03-27 00:00:00,3589,4.38,0.434,2580,4.06,0.373,-0.32,-0.061
YouTube Music,6.46.52,2026-03-27 00:00:00,3589,4.38,0.434,2580,4.06,0.373,-0.32,-0.061
Amazon Music,23.2.2,2026-02-03 00:00:00,873,3.53,0.283,1088,3.23,0.224,-0.3,-0.059
Amazon Music,26.3.0,2026-02-03 00:00:00,873,3.53,0.283,1088,3.23,0.224,-0.3,-0.059
YouTube Music,8.29.56,2026-04-17 00:00:00,1813,3.48,0.248,2052,3.15,0.189,-0.33,-0.059
Amazon Music,22.14.3,2026-01-26 00:00:00,944,3.56,0.31,987,3.39,0.252,-0.17,-0.058
Amazon Music,23.11.1,2026-02-07 00:00:00,976,3.47,0.277,1060,3.23,0.219,-0.24,-0.058
Amazon Music,26.14.0,2026-05-12 00:00:00,1140,3.55,0.3,979,3.39,0.243,-0.16,-0.057
Amazon Music,26.17.1,2026-06-02 00:00:00,977,3.37,0.255,1335,2.93,0.198,-0.44,-0.057
Amazon Music,7.4.7,2026-06-02 00:00:00,977,3.37,0.255,1335,2.93,0.198,-0.44,-0.057
Amazon Music,15.18.2,2026-06-02 00:00:00,977,3.37,0.255,1335,2.93,0.198,-0.44,-0.057
Amazon Music,7.5.4,2026-05-20 00:00:00,1050,3.54,0.285,1065,3.17,0.229,-0.37,-0.056
SoundCloud,2024.08.22-release,2025-04-26 00:00:00,609,4.12,0.355,743,3.75,0.299,-0.37,-0.056
SoundCloud,2022.05.02-release,2025-04-26 00:00:00,609,4.12,0.355,743,3.75,0.299,-0.37,-0.056
SoundCloud,2024.10.21-release,2025-02-24 00:00:00,190,4.22,0.389,689,4.04,0.334,-0.18,-0.055
SoundCloud,2024.11.20-release,2025-02-24 00:00:00,190,4.22,0.389,689,4.04,0.334,-0.18,-0.055
SoundCloud,2024.11.07-wear-release,2025-02-24 00:00:00,190,4.22,0.389,689,4.04,0.334,-0.18,-0.055
SoundCloud,2020.09.03-release,2025-08-26 00:00:00,516,4.0,0.351,528,3.98,0.297,-0.02,-0.054
YouTube Music,5.13.40-WEAR_RELEASE,2026-04-18 00:00:00,1836,3.45,0.244,2078,3.16,0.191,-0.29,-0.053
YouTube Music,5.09.51,2026-04-18 00:00:00,1836,3.45,0.244,2078,3.16,0.191,-0.29,-0.053
YouTube Music,5.07.50,2026-04-18 00:00:00,1836,3.45,0.244,2078,3.16,0.191,-0.29,-0.053
YouTube Music,5.02.50,2026-04-18 00:00:00,1836,3.45,0.244,2078,3.16,0.191,-0.29,-0.053
Amazon Music,17.9.0,2026-06-01 00:00:00,976,3.38,0.249,1304,2.93,0.197,-0.45,-0.052
Amazon Music,26.17.0,2026-06-01 00:00:00,976,3.38,0.249,1304,2.93,0.197,-0.45,-0.052
Amazon Music,24.15.1,2026-02-05 00:00:00,917,3.51,0.274,1076,3.22,0.223,-0.29,-0.051
SoundCloud,2025.02.25-release,2025-02-27 00:00:00,334,4.16,0.383,686,4.1,0.333,-0.06,-0.05
SoundCloud,2024.09.20-release,2025-02-27 00:00:00,334,4.16,0.383,686,4.1,0.333,-0.06,-0.05
YouTube Music,8.28.53,2026-04-19 00:00:00,1845,3.42,0.241,2063,3.16,0.191,-0.26,-0.05
YouTube Music,5.41.50,2026-04-19 00:00:00,1845,3.42,0.241,2063,3.16,0.191,-0.26,-0.05
YouTube Music,7.20.51,2026-04-19 00:00:00,1845,3.42,0.241,2063,3.16,0.191,-0.26,-0.05
YouTube Music,4.07.51,2026-04-20 00:00:00,1877,3.43,0.236,2059,3.12,0.186,-0.31,-0.05
Amazon Music,26.16.1,2026-05-28 00:00:00,972,3.39,0.253,1224,2.96,0.204,-0.43,-0.049
Amazon Music,25.9.1,2026-05-28 00:00:00,972,3.39,0.253,1224,2.96,0.204,-0.43,-0.049
Amazon Music,22.9.0,2026-05-29 00:00:00,977,3.37,0.246,1228,2.95,0.197,-0.42,-0.049
Amazon Music,17.13.3,2026-05-29 00:00:00,977,3.37,0.246,1228,2.95,0.197,-0.42,-0.049
SoundCloud,2021.08.03-release,2025-12-03 00:00:00,504,4.05,0.332,607,3.9,0.283,-0.15,-0.049
SoundCloud,2025.11.28-release,2025-12-03 00:00:00,504,4.05,0.332,607,3.9,0.283,-0.15,-0.049
Amazon Music,22.15.2,2026-05-31 00:00:00,992,3.38,0.247,1275,2.94,0.199,-0.44,-0.048
SoundCloud,2022.10.10-release,2025-04-23 00:00:00,624,4.1,0.356,738,3.81,0.308,-0.29,-0.048
YouTube Music,8.50.41-WEAR_RELEASE,2026-03-26 00:00:00,3460,4.38,0.433,2584,4.11,0.385,-0.27,-0.048
YouTube Music,8.34.51,2026-03-26 00:00:00,3460,4.38,0.433,2584,4.11,0.385,-0.27,-0.048
Amazon Music,22.15.12,2026-05-22 00:00:00,1043,3.47,0.27,1117,3.07,0.223,-0.4,-0.047
Amazon Music,22.5.2,2026-05-22 00:00:00,1043,3.47,0.27,1117,3.07,0.223,-0.4,-0.047
SoundCloud,2025.12.10-release,2025-12-12 00:00:00,495,4.18,0.336,565,3.84,0.289,-0.34,-0.047
Amazon Music,26.14.2,2026-05-16 00:00:00,1063,3.52,0.29,989,3.37,0.244,-0.15,-0.046
Amazon Music,17.8.6,2026-05-16 00:00:00,1063,3.52,0.29,989,3.37,0.244,-0.15,-0.046
Amazon Music,17.4.1,2026-01-05 00:00:00,1555,3.77,0.348,1155,3.56,0.303,-0.21,-0.045
Amazon Music,17.6.1,2026-01-06 00:00:00,1520,3.77,0.348,1134,3.56,0.303,-0.21,-0.045
Amazon Music,22.3.3,2026-01-06 00:00:00,1520,3.77,0.348,1134,3.56,0.303,-0.21,-0.045
Amazon Music,26.1.1,2026-01-06 00:00:00,1520,3.77,0.348,1134,3.56,0.303,-0.21,-0.045
SoundCloud,2024.06.17-wear-release,2025-02-26 00:00:00,273,4.17,0.379,705,4.07,0.334,-0.1,-0.045
SoundCloud,2022.12.05-release,2025-02-26 00:00:00,273,4.17,0.379,705,4.07,0.334,-0.1,-0.045
Amazon Music,5.4.3,2026-01-03 00:00:00,1570,3.78,0.344,1198,3.57,0.3,-0.21,-0.044
Amazon Music,26.21.1,2026-07-02 00:00:00,1431,3.38,0.271,1605,3.17,0.227,-0.21,-0.044
Amazon Music,17.8.5,2026-07-02 00:00:00,1431,3.38,0.271,1605,3.17,0.227,-0.21,-0.044
JioSaavn,9.19.1,2026-06-04 00:00:00,152,4.47,0.489,4970,4.54,0.445,0.07,-0.044
JioSaavn,10.0.4,2026-06-04 00:00:00,152,4.47,0.489,4970,4.54,0.445,0.07,-0.044
JioSaavn,10.4.5,2026-06-04 00:00:00,152,4.47,0.489,4970,4.54,0.445,0.07,-0.044
JioSaavn,9.25.3.1,2026-06-04 00:00:00,152,4.47,0.489,4970,4.54,0.445,0.07,-0.044
JioSaavn,8.12.1,2026-06-04 00:00:00,152,4.47,0.489,4970,4.54,0.445,0.07,-0.044
JioSaavn,6.10.1,2026-06-04 00:00:00,152,4.47,0.489,4970,4.54,0.445,0.07,-0.044
JioSaavn,9.26.3,2026-06-04 00:00:00,152,4.47,0.489,4970,4.54,0.445,0.07,-0.044
JioSaavn,10.3.4,2026-06-04 00:00:00,152,4.47,0.489,4970,4.54,0.445,0.07,-0.044
JioSaavn,9.27.3,2026-06-04 00:00:00,152,4.47,0.489,4970,4.54,0.445,0.07,-0.044
JioSaavn,10.3.5,2026-06-04 00:00:00,152,4.47,0.489,4970,4.54,0.445,0.07,-0.044
JioSaavn,9.28.3,2026-06-04 00:00:00,152,4.47,0.489,4970,4.54,0.445,0.07,-0.044
SoundCloud,2025.08.14-release,2025-08-18 00:00:00,552,3.98,0.357,513,3.99,0.314,0.01,-0.043
YouTube Music,8.21.52,2026-04-21 00:00:00,1923,3.38,0.23,2033,3.14,0.187,-0.24,-0.043
YouTube Music,8.04.52,2026-04-21 00:00:00,1923,3.38,0.23,2033,3.14,0.187,-0.24,-0.043
YouTube Music,6.40.41-WEAR_RELEASE,2026-04-21 00:00:00,1923,3.38,0.23,2033,3.14,0.187,-0.24,-0.043
SoundCloud,2025.03.25-release,2025-03-28 00:00:00,637,4.11,0.352,657,4.04,0.31,-0.07,-0.042
SoundCloud,2026.01.09-release,2026-01-13 00:00:00,499,4.19,0.396,480,4.06,0.354,-0.13,-0.042
Amazon Music,17.19.4,2026-01-07 00:00:00,1505,3.74,0.346,1099,3.58,0.305,-0.16,-0.041
Amazon Music,23.1.0,2026-01-07 00:00:00,1505,3.74,0.346,1099,3.58,0.305,-0.16,-0.041
SoundCloud,2018.10.09-release,2025-02-28 00:00:00,393,4.12,0.373,677,4.11,0.333,-0.01,-0.04
SoundCloud,2024.08.19-release,2025-08-20 00:00:00,561,3.96,0.357,507,4.0,0.317,0.04,-0.04
SoundCloud,2025.08.21-release,2025-08-25 00:00:00,507,3.99,0.341,540,3.92,0.301,-0.07,-0.04
Amazon Music,25.10.2,2026-05-10 00:00:00,1143,3.52,0.299,1004,3.42,0.26,-0.1,-0.039
Amazon Music,23.1.2,2026-05-10 00:00:00,1143,3.52,0.299,1004,3.42,0.26,-0.1,-0.039
SoundCloud,2023.02.24-release,2025-08-31 00:00:00,507,4.05,0.329,529,3.97,0.29,-0.08,-0.039
SoundCloud,2018.06.12-release,2026-01-14 00:00:00,495,4.2,0.391,486,4.05,0.352,-0.15,-0.039
YouTube Music,4.23.50,2026-03-25 00:00:00,3126,4.38,0.432,2808,4.16,0.394,-0.22,-0.038
YouTube Music,9.12.41-WEAR_RELEASE,2026-03-25 00:00:00,3126,4.38,0.432,2808,4.16,0.394,-0.22,-0.038
YouTube Music,6.03.51,2026-03-25 00:00:00,3126,4.38,0.432,2808,4.16,0.394,-0.22,-0.038
YouTube Music,9.11.20-CAR_RELEASE,2026-03-25 00:00:00,3126,4.38,0.432,2808,4.16,0.394,-0.22,-0.038
YouTube Music,6.02.53,2026-03-25 00:00:00,3126,4.38,0.432,2808,4.16,0.394,-0.22,-0.038
YouTube Music,7.31.51,2026-03-25 00:00:00,3126,4.38,0.432,2808,4.16,0.394,-0.22,-0.038
Amazon Music,26.15.0,2026-05-18 00:00:00,1017,3.52,0.286,976,3.38,0.249,-0.14,-0.037
SoundCloud,2021.12.15-release,2025-05-09 00:00:00,744,3.76,0.301,654,3.69,0.264,-0.07,-0.037
SoundCloud,2025.08.28-release,2025-09-03 00:00:00,507,4.0,0.317,524,4.0,0.28,0.0,-0.037
Amazon Music,25.6.1,2026-01-02 00:00:00,1580,3.78,0.343,1234,3.59,0.308,-0.19,-0.035
Amazon Music,24.1.1,2026-07-04 00:00:00,1479,3.32,0.266,1557,3.21,0.232,-0.11,-0.034
Amazon Music,23.2.0,2026-07-04 00:00:00,1479,3.32,0.266,1557,3.21,0.232,-0.11,-0.034
Amazon Music,24.17.0,2026-01-24 00:00:00,946,3.57,0.31,976,3.47,0.277,-0.1,-0.033
SoundCloud,2025.09.27-beta,2025-10-03 00:00:00,538,4.12,0.341,541,4.11,0.308,-0.01,-0.033
SoundCloud,15.05.26-release,2026-06-02 00:00:00,496,4.21,0.393,589,4.24,0.36,0.03,-0.033
SoundCloud,2026.05.29-release,2026-06-02 00:00:00,496,4.21,0.393,589,4.24,0.36,0.03,-0.033
SoundCloud,2020.07.06-release,2025-05-06 00:00:00,731,3.85,0.322,629,3.75,0.29,-0.1,-0.032
SoundCloud,2020.05.13-release,2025-07-03 00:00:00,567,4.02,0.343,572,3.92,0.311,-0.1,-0.032
SoundCloud,2021.06.04-release,2025-10-10 00:00:00,550,4.15,0.333,535,4.04,0.301,-0.11,-0.032
SoundCloud,2017.12.18-release,2025-10-10 00:00:00,550,4.15,0.333,535,4.04,0.301,-0.11,-0.032
YouTube Music,9.11.55,2026-03-24 00:00:00,2819,4.38,0.433,3002,4.21,0.401,-0.17,-0.032
YouTube Music,9.12.51,2026-03-24 00:00:00,2819,4.38,0.433,3002,4.21,0.401,-0.17,-0.032
YouTube Music,4.70.50,2026-03-24 00:00:00,2819,4.38,0.433,3002,4.21,0.401,-0.17,-0.032
YouTube Music,8.44.53,2026-03-24 00:00:00,2819,4.38,0.433,3002,4.21,0.401,-0.17,-0.032
YouTube Music,9.03.41-WEAR_RELEASE,2026-04-22 00:00:00,1968,3.35,0.224,2031,3.14,0.192,-0.21,-0.032
Amazon Music,17.1.2,2026-06-30 00:00:00,1378,3.34,0.264,1617,3.19,0.233,-0.15,-0.031
Amazon Music,26.22.0,2026-07-06 00:00:00,1541,3.31,0.265,1475,3.24,0.234,-0.07,-0.031
SoundCloud,2024.06.18-release,2025-05-10 00:00:00,743,3.75,0.299,660,3.71,0.268,-0.04,-0.031
SoundCloud,2025.07.07-release,2025-07-08 00:00:00,552,4.0,0.338,598,3.92,0.307,-0.08,-0.031
SoundCloud,2025.08.21-beta,2025-09-04 00:00:00,505,3.98,0.319,518,4.03,0.288,0.05,-0.031
SoundCloud,2025.10.10-release,2025-10-14 00:00:00,542,4.12,0.322,538,4.03,0.291,-0.09,-0.031
SoundCloud,2026.07.23-release,2026-07-28 00:00:00,544,4.13,0.349,170,4.11,0.318,-0.02,-0.031
Amazon Music,26.16.0,2026-05-26 00:00:00,979,3.39,0.243,1208,2.97,0.213,-0.42,-0.03
SoundCloud,2024.06.25-release,2025-08-23 00:00:00,519,4.0,0.347,528,3.96,0.317,-0.04,-0.03
SoundCloud,2026.01.19-release,2026-01-21 00:00:00,492,4.08,0.36,463,3.96,0.33,-0.12,-0.03
YouTube Music,9.22.53,2026-06-02 00:00:00,1578,3.47,0.266,1656,3.49,0.236,0.02,-0.03
Amazon Music,26.6.0,2026-03-17 00:00:00,1054,3.38,0.256,816,3.18,0.227,-0.2,-0.029
Amazon Music,26.15.1,2026-05-19 00:00:00,1027,3.54,0.284,977,3.37,0.255,-0.17,-0.029
Amazon Music,26.21.0,2026-06-29 00:00:00,1363,3.34,0.266,1630,3.2,0.237,-0.14,-0.029
Amazon Music,22.13.9,2026-06-29 00:00:00,1363,3.34,0.266,1630,3.2,0.237,-0.14,-0.029
Amazon Music,17.3.6,2026-01-01 00:00:00,1610,3.76,0.342,1241,3.62,0.314,-0.14,-0.028
YouTube Music,8.08.53,2026-03-23 00:00:00,2514,4.38,0.434,3221,4.24,0.406,-0.14,-0.028
YouTube Music,7.04.51,2026-03-23 00:00:00,2514,4.38,0.434,3221,4.24,0.406,-0.14,-0.028
YouTube Music,8.10.51,2026-03-23 00:00:00,2514,4.38,0.434,3221,4.24,0.406,-0.14,-0.028
YouTube Music,8.46.57,2026-03-23 00:00:00,2514,4.38,0.434,3221,4.24,0.406,-0.14,-0.028
YouTube Music,8.21.51,2026-03-23 00:00:00,2514,4.38,0.434,3221,4.24,0.406,-0.14,-0.028
Amazon Music,23.4.2,2026-05-25 00:00:00,993,3.37,0.245,1188,3.02,0.218,-0.35,-0.027
SoundCloud,2023.11.28-release,2025-03-01 00:00:00,437,4.1,0.361,680,4.11,0.334,0.01,-0.027
SoundCloud,2024.03.18-release,2025-06-04 00:00:00,670,3.94,0.328,644,3.8,0.301,-0.14,-0.027
YouTube Music,9.21.52,2026-06-03 00:00:00,1559,3.48,0.262,1681,3.48,0.235,0.0,-0.027
Amazon Music,26.1.2,2026-01-08 00:00:00,1498,3.74,0.339,1052,3.57,0.313,-0.17,-0.026
SoundCloud,2025.07.08-beta,2025-07-13 00:00:00,526,3.96,0.341,596,3.98,0.315,0.02,-0.026
Amazon Music,26.22.1,2026-07-09 00:00:00,1612,3.29,0.256,1368,3.23,0.231,-0.06,-0.025
Amazon Music,15.21.2,2026-07-09 00:00:00,1612,3.29,0.256,1368,3.23,0.231,-0.06,-0.025
SoundCloud,2023.02.07-release,2025-08-17 00:00:00,548,3.96,0.354,507,4.05,0.329,0.09,-0.025
SoundCloud,2025.08.14-beta,2025-08-17 00:00:00,548,3.96,0.354,507,4.05,0.329,0.09,-0.025
Amazon Music,17.6.2,2025-12-30 00:00:00,1614,3.76,0.342,1318,3.66,0.319,-0.1,-0.023
Amazon Music,17.7.5,2025-12-30 00:00:00,1614,3.76,0.342,1318,3.66,0.319,-0.1,-0.023
Amazon Music,22.8.1,2025-12-31 00:00:00,1614,3.76,0.342,1289,3.65,0.319,-0.11,-0.023
Amazon Music,23.9.1,2026-01-21 00:00:00,1099,3.58,0.305,889,3.52,0.282,-0.06,-0.023
Amazon Music,23.8.0,2026-03-20 00:00:00,1012,3.39,0.247,795,3.18,0.224,-0.21,-0.023
Amazon Music,22.7.1,2026-01-09 00:00:00,1478,3.7,0.333,1009,3.58,0.311,-0.12,-0.022
Amazon Music,17.17.1,2026-03-18 00:00:00,1033,3.39,0.245,816,3.16,0.223,-0.23,-0.022
JioSaavn,10.1.1,2026-06-05 00:00:00,529,4.51,0.467,4925,4.54,0.445,0.03,-0.022
JioSaavn,9.28.1,2026-06-05 00:00:00,529,4.51,0.467,4925,4.54,0.445,0.03,-0.022
JioSaavn,9.12.3,2026-06-05 00:00:00,529,4.51,0.467,4925,4.54,0.445,0.03,-0.022
JioSaavn,9.24.4,2026-06-05 00:00:00,529,4.51,0.467,4925,4.54,0.445,0.03,-0.022
JioSaavn,9.24.8,2026-06-05 00:00:00,529,4.51,0.467,4925,4.54,0.445,0.03,-0.022
JioSaavn,9.28.2,2026-06-05 00:00:00,529,4.51,0.467,4925,4.54,0.445,0.03,-0.022
SoundCloud,2022.02.07-release,2025-10-17 00:00:00,541,4.11,0.308,500,3.96,0.286,-0.15,-0.022
SoundCloud,2026.01.14-wear-beta,2026-01-18 00:00:00,496,4.08,0.363,444,3.99,0.341,-0.09,-0.022
Amazon Music,17.19.3,2026-03-24 00:00:00,1045,3.37,0.248,764,3.21,0.227,-0.16,-0.021
SoundCloud,2022.05.24-release,2025-05-07 00:00:00,738,3.81,0.308,636,3.75,0.287,-0.06,-0.021
SoundCloud,2023.08.24-release,2025-07-12 00:00:00,528,3.97,0.34,605,3.99,0.319,0.02,-0.021
SoundCloud,2026.02.12-release,2026-02-17 00:00:00,479,4.04,0.365,431,4.23,0.344,0.19,-0.021
SoundCloud,2026.04.09-release,2026-04-14 00:00:00,468,4.09,0.341,292,3.83,0.32,-0.26,-0.021
YouTube Music,7.01.52,2026-03-22 00:00:00,2203,4.36,0.434,3415,4.29,0.413,-0.07,-0.021
YouTube Music,5.27.50,2026-03-22 00:00:00,2203,4.36,0.434,3415,4.29,0.413,-0.07,-0.021
YouTube Music,3.29.54,2026-03-22 00:00:00,2203,4.36,0.434,3415,4.29,0.413,-0.07,-0.021
YouTube Music,8.35.52,2026-03-22 00:00:00,2203,4.36,0.434,3415,4.29,0.413,-0.07,-0.021
YouTube Music,7.11.50,2026-03-22 00:00:00,2203,4.36,0.434,3415,4.29,0.413,-0.07,-0.021
YouTube Music,8.49.54,2026-03-22 00:00:00,2203,4.36,0.434,3415,4.29,0.413,-0.07,-0.021
YouTube Music,5.29.52,2026-03-22 00:00:00,2203,4.36,0.434,3415,4.29,0.413,-0.07,-0.021
YouTube Music,7.02.51,2026-03-22 00:00:00,2203,4.36,0.434,3415,4.29,0.413,-0.07,-0.021
YouTube Music,9.21.40-WEAR_RELEASE,2026-05-30 00:00:00,1656,3.48,0.258,1564,3.49,0.237,0.01,-0.021
YouTube Music,5.38.53,2026-05-30 00:00:00,1656,3.48,0.258,1564,3.49,0.237,0.01,-0.021
Amazon Music,26.1.5,2026-01-12 00:00:00,1372,3.69,0.33,944,3.56,0.31,-0.13,-0.02
Amazon Music,24.9.1,2026-01-20 00:00:00,1134,3.56,0.303,873,3.53,0.283,-0.03,-0.02
Amazon Music,25.2.3,2026-01-20 00:00:00,1134,3.56,0.303,873,3.53,0.283,-0.03,-0.02
Amazon Music,26.2.0,2026-01-20 00:00:00,1134,3.56,0.303,873,3.53,0.283,-0.03,-0.02
Amazon Music,6.5.3,2026-05-09 00:00:00,1139,3.5,0.287,1022,3.44,0.267,-0.06,-0.02
Amazon Music,24.3.5,2026-05-09 00:00:00,1139,3.5,0.287,1022,3.44,0.267,-0.06,-0.02
SoundCloud,2025.04.30-beta,2025-05-08 00:00:00,732,3.79,0.301,646,3.73,0.281,-0.06,-0.02
SoundCloud,2025.05.07-release,2025-05-08 00:00:00,732,3.79,0.301,646,3.73,0.281,-0.06,-0.02
SoundCloud,2021.09.03-release,2025-05-08 00:00:00,732,3.79,0.301,646,3.73,0.281,-0.06,-0.02
SoundCloud,15.03.12-59,2026-03-10 00:00:00,439,4.14,0.349,390,4.06,0.329,-0.08,-0.02
SoundCloud,2026.03.05-release,2026-03-10 00:00:00,439,4.14,0.349,390,4.06,0.329,-0.08,-0.02
SoundCloud,2023.08.08-release,2026-05-29 00:00:00,472,4.12,0.377,598,4.26,0.357,0.14,-0.02
SoundCloud,2023.11.14-release,2026-07-11 00:00:00,467,4.13,0.364,532,4.17,0.344,0.04,-0.02
SoundCloud,2026.07.03-beta,2026-07-18 00:00:00,492,4.1,0.356,559,4.1,0.336,0.0,-0.02
Amazon Music,16.14.3,2026-07-07 00:00:00,1571,3.3,0.256,1431,3.24,0.237,-0.06,-0.019
Amazon Music,25.19.5,2026-07-07 00:00:00,1571,3.3,0.256,1431,3.24,0.237,-0.06,-0.019
SoundCloud,2024.06.21-tv-release,2025-03-02 00:00:00,491,4.13,0.357,675,4.11,0.338,-0.02,-0.019
SoundCloud,2025.07.08-release,2025-07-09 00:00:00,544,3.95,0.332,601,3.95,0.313,0.0,-0.019
YouTube Music,4.45.51,2026-05-31 00:00:00,1642,3.49,0.259,1574,3.5,0.24,0.01,-0.019
YouTube Music,6.20.52,2026-06-01 00:00:00,1623,3.46,0.258,1596,3.5,0.239,0.04,-0.019
YouTube Music,6.15.51,2026-06-04 00:00:00,1563,3.49,0.258,1654,3.48,0.239,-0.01,-0.019
SoundCloud,2025.05.29-release,2025-06-06 00:00:00,662,3.95,0.337,631,3.86,0.319,-0.09,-0.018
SoundCloud,2022.03.29-release,2025-06-12 00:00:00,658,3.9,0.338,593,3.92,0.32,0.02,-0.018
SoundCloud,2024.02.26-release,2025-07-02 00:00:00,569,4.03,0.339,557,3.9,0.321,-0.13,-0.018
SoundCloud,2026.02.06-release,2026-02-11 00:00:00,471,3.94,0.359,455,4.14,0.341,0.2,-0.018
YouTube Music,7.24.51,2026-04-23 00:00:00,1974,3.32,0.215,2056,3.16,0.197,-0.16,-0.018
YouTube Music,9.15.51,2026-04-23 00:00:00,1974,3.32,0.215,2056,3.16,0.197,-0.16,-0.018
YouTube Music,9.16.51,2026-04-23 00:00:00,1974,3.32,0.215,2056,3.16,0.197,-0.16,-0.018
YouTube Music,8.39.54,2026-04-23 00:00:00,1974,3.32,0.215,2056,3.16,0.197,-0.16,-0.018
Amazon Music,25.16.6,2025-12-27 00:00:00,1623,3.77,0.339,1474,3.66,0.322,-0.11,-0.017
Amazon Music,22.1.1,2025-12-27 00:00:00,1623,3.77,0.339,1474,3.66,0.322,-0.11,-0.017
Amazon Music,26.7.0,2026-03-23 00:00:00,1024,3.36,0.244,770,3.22,0.227,-0.14,-0.017
JioSaavn,8.16.1,2026-07-02 00:00:00,4689,4.51,0.444,4578,4.52,0.427,0.01,-0.017
JioSaavn,5.7.0,2026-07-02 00:00:00,4689,4.51,0.444,4578,4.52,0.427,0.01,-0.017
SoundCloud,2023.06.16-release,2025-03-24 00:00:00,642,4.16,0.353,653,4.1,0.336,-0.06,-0.017
SoundCloud,2019.04.30-release,2025-03-24 00:00:00,642,4.16,0.353,653,4.1,0.336,-0.06,-0.017
SoundCloud,2023.06.27-release,2025-03-24 00:00:00,642,4.16,0.353,653,4.1,0.336,-0.06,-0.017
SoundCloud,2020.10.01-release,2025-04-06 00:00:00,646,4.06,0.34,627,4.11,0.323,0.05,-0.017
SoundCloud,2024.03.04-release,2026-01-06 00:00:00,510,4.09,0.375,495,4.09,0.358,0.0,-0.017
SoundCloud,2026.06.03-release,2026-06-08 00:00:00,574,4.28,0.385,565,4.21,0.368,-0.07,-0.017
SoundCloud,2026.06.24-release,2026-06-25 00:00:00,544,4.22,0.364,450,4.16,0.347,-0.06,-0.017
Spotify,9.1.50.1906,2026-07-07 00:00:00,739,3.95,0.352,10598,3.88,0.335,-0.07,-0.017
Spotify,9.0.14.561,2026-07-07 00:00:00,739,3.95,0.352,10598,3.88,0.335,-0.07,-0.017
Spotify,8.9.64.548,2026-07-07 00:00:00,739,3.95,0.352,10598,3.88,0.335,-0.07,-0.017
Spotify,9.0.78.1116,2026-07-07 00:00:00,739,3.95,0.352,10598,3.88,0.335,-0.07,-0.017
Spotify,9.0.22.543,2026-07-07 00:00:00,739,3.95,0.352,10598,3.88,0.335,-0.07,-0.017
Spotify,8.9.86.551,2026-07-07 00:00:00,739,3.95,0.352,10598,3.88,0.335,-0.07,-0.017
Spotify,9.1.28.2252,2026-07-07 00:00:00,739,3.95,0.352,10598,3.88,0.335,-0.07,-0.017
Spotify,9.1.32.2083,2026-07-07 00:00:00,739,3.95,0.352,10598,3.88,0.335,-0.07,-0.017
Spotify,9.1.16.1450,2026-07-07 00:00:00,739,3.95,0.352,10598,3.88,0.335,-0.07,-0.017
Spotify,8.7.54.403,2026-07-07 00:00:00,739,3.95,0.352,10598,3.88,0.335,-0.07,-0.017
Spotify,9.1.62.1598,2026-07-07 00:00:00,739,3.95,0.352,10598,3.88,0.335,-0.07,-0.017
Spotify,8.8.96.364,2026-07-07 00:00:00,739,3.95,0.352,10598,3.88,0.335,-0.07,-0.017
Amazon Music,17.5.1,2026-02-09 00:00:00,987,3.39,0.252,1043,3.25,0.236,-0.14,-0.016
Amazon Music,24.10.1,2026-03-15 00:00:00,1057,3.32,0.249,860,3.27,0.233,-0.05,-0.016
SoundCloud,2025.09.27-release,2025-09-30 00:00:00,506,4.08,0.338,542,4.12,0.322,0.04,-0.016
SoundCloud,2025.09.10-tv-release,2025-09-30 00:00:00,506,4.08,0.338,542,4.12,0.322,0.04,-0.016
SoundCloud,2025.11.17-release,2025-11-19 00:00:00,466,4.13,0.348,504,4.05,0.332,-0.08,-0.016
SoundCloud,2021.09.16-release,2026-06-05 00:00:00,548,4.23,0.384,558,4.23,0.368,0.0,-0.016
YouTube Music,5.52.51,2026-06-11 00:00:00,1565,3.5,0.246,1762,3.49,0.23,-0.01,-0.016
Amazon Music,24.6.0,2026-03-29 00:00:00,860,3.27,0.233,849,3.19,0.218,-0.08,-0.015
Amazon Music,26.8.0,2026-03-30 00:00:00,828,3.23,0.231,861,3.2,0.216,-0.03,-0.015
JioSaavn,9.4,2026-07-30 00:00:00,4641,4.51,0.438,970,4.49,0.423,-0.02,-0.015
SoundCloud,2022.07.26-release,2025-04-05 00:00:00,659,4.08,0.338,628,4.07,0.323,-0.01,-0.015
SoundCloud,2026.06.17-release,2026-06-22 00:00:00,565,4.21,0.368,462,4.18,0.353,-0.03,-0.015
YouTube Music,9.22.41-WEAR_RELEASE,2026-06-06 00:00:00,1557,3.48,0.251,1689,3.47,0.236,-0.01,-0.015
YouTube Music,4.19.51,2026-06-06 00:00:00,1557,3.48,0.251,1689,3.47,0.236,-0.01,-0.015
Amazon Music,23.15.0,2026-01-18 00:00:00,1182,3.59,0.303,876,3.53,0.289,-0.06,-0.014
JioSaavn,9.6.3,2026-06-10 00:00:00,2330,4.55,0.455,4864,4.52,0.441,-0.03,-0.014
JioSaavn,9.24.6,2026-06-10 00:00:00,2330,4.55,0.455,4864,4.52,0.441,-0.03,-0.014
JioSaavn,9.4.1,2026-06-10 00:00:00,2330,4.55,0.455,4864,4.52,0.441,-0.03,-0.014
JioSaavn,6.1,2026-06-10 00:00:00,2330,4.55,0.455,4864,4.52,0.441,-0.03,-0.014
JioSaavn,10.0.3,2026-07-03 00:00:00,4689,4.52,0.442,4582,4.51,0.428,-0.01,-0.014
JioSaavn,5.10.1,2026-07-03 00:00:00,4689,4.52,0.442,4582,4.51,0.428,-0.01,-0.014
YouTube Music,7.28.51,2026-03-21 00:00:00,1894,4.37,0.434,3584,4.31,0.42,-0.06,-0.014
YouTube Music,8.19.52,2026-03-21 00:00:00,1894,4.37,0.434,3584,4.31,0.42,-0.06,-0.014
YouTube Music,6.36.51,2026-03-21 00:00:00,1894,4.37,0.434,3584,4.31,0.42,-0.06,-0.014
YouTube Music,6.47.50,2026-03-21 00:00:00,1894,4.37,0.434,3584,4.31,0.42,-0.06,-0.014
YouTube Music,6.05.51,2026-03-21 00:00:00,1894,4.37,0.434,3584,4.31,0.42,-0.06,-0.014
YouTube Music,8.23.51,2026-03-21 00:00:00,1894,4.37,0.434,3584,4.31,0.42,-0.06,-0.014
YouTube Music,8.05.50,2026-03-21 00:00:00,1894,4.37,0.434,3584,4.31,0.42,-0.06,-0.014
YouTube Music,6.01.55,2026-03-21 00:00:00,1894,4.37,0.434,3584,4.31,0.42,-0.06,-0.014
YouTube Music,6.51.52,2026-03-21 00:00:00,1894,4.37,0.434,3584,4.31,0.42,-0.06,-0.014
YouTube Music,8.14.53,2026-03-21 00:00:00,1894,4.37,0.434,3584,4.31,0.42,-0.06,-0.014
YouTube Music,6.45.54,2026-06-05 00:00:00,1566,3.48,0.254,1661,3.49,0.24,0.01,-0.014
YouTube Music,9.28.55,2026-07-24 00:00:00,1467,3.56,0.282,934,3.55,0.268,-0.01,-0.014
JioSaavn,9.14.4,2026-06-07 00:00:00,1227,4.54,0.458,4932,4.53,0.445,-0.01,-0.013
JioSaavn,9.10.2,2026-06-07 00:00:00,1227,4.54,0.458,4932,4.53,0.445,-0.01,-0.013
JioSaavn,9.23.4,2026-06-07 00:00:00,1227,4.54,0.458,4932,4.53,0.445,-0.01,-0.013
JioSaavn,9.15.4,2026-06-07 00:00:00,1227,4.54,0.458,4932,4.53,0.445,-0.01,-0.013
JioSaavn,9.22.2,2026-06-07 00:00:00,1227,4.54,0.458,4932,4.53,0.445,-0.01,-0.013
JioSaavn,6.12.1,2026-06-26 00:00:00,4883,4.52,0.446,4556,4.51,0.433,-0.01,-0.013
JioSaavn,9.0.2,2026-06-26 00:00:00,4883,4.52,0.446,4556,4.51,0.433,-0.01,-0.013
JioSaavn,9.3,2026-07-01 00:00:00,4723,4.51,0.443,4573,4.52,0.43,0.01,-0.013
JioSaavn,7.9.1,2026-07-01 00:00:00,4723,4.51,0.443,4573,4.52,0.43,0.01,-0.013
JioSaavn,9.25.3,2026-07-04 00:00:00,4679,4.51,0.441,4562,4.52,0.428,0.01,-0.013
JioSaavn,10.8.1,2026-07-31 00:00:00,4689,4.51,0.437,586,4.47,0.424,-0.04,-0.013
SoundCloud,2024.01.23-release,2025-03-23 00:00:00,645,4.17,0.353,646,4.06,0.34,-0.11,-0.013
SoundCloud,2024.04.22-release,2025-03-23 00:00:00,645,4.17,0.353,646,4.06,0.34,-0.11,-0.013
Spotify,8.6.64.1081,2026-07-24 00:00:00,10528,3.9,0.339,6520,3.88,0.326,-0.02,-0.013
Spotify,9.0.98.1187,2026-07-24 00:00:00,10528,3.9,0.339,6520,3.88,0.326,-0.02,-0.013
Spotify,8.8.52.458,2026-07-24 00:00:00,10528,3.9,0.339,6520,3.88,0.326,-0.02,-0.013
Spotify,8.6.32.925,2026-07-24 00:00:00,10528,3.9,0.339,6520,3.88,0.326,-0.02,-0.013
Spotify,8.6.28.700,2026-07-24 00:00:00,10528,3.9,0.339,6520,3.88,0.326,-0.02,-0.013
Spotify,8.7.20.1261,2026-07-24 00:00:00,10528,3.9,0.339,6520,3.88,0.326,-0.02,-0.013
Spotify,8.5.18.934,2026-07-25 00:00:00,10511,3.9,0.338,5742,3.88,0.325,-0.02,-0.013
Spotify,8.7.88.496,2026-07-25 00:00:00,10511,3.9,0.338,5742,3.88,0.325,-0.02,-0.013
Spotify,8.4.38.621,2026-07-25 00:00:00,10511,3.9,0.338,5742,3.88,0.325,-0.02,-0.013
YouTube Music,9.29.53,2026-07-23 00:00:00,1464,3.56,0.279,1028,3.54,0.266,-0.02,-0.013
YouTube Music,9.28.41-WEAR_RELEASE,2026-07-23 00:00:00,1464,3.56,0.279,1028,3.54,0.266,-0.02,-0.013
YouTube Music,9.28.53,2026-07-23 00:00:00,1464,3.56,0.279,1028,3.54,0.266,-0.02,-0.013
Amazon Music,17.2.2,2026-01-10 00:00:00,1474,3.66,0.322,946,3.57,0.31,-0.09,-0.012
Amazon Music,22.4.2,2026-07-10 00:00:00,1618,3.23,0.247,1329,3.27,0.235,0.04,-0.012
JioSaavn,7.6.1,2026-06-06 00:00:00,871,4.54,0.458,4936,4.53,0.446,-0.01,-0.012
JioSaavn,8.1,2026-06-06 00:00:00,871,4.54,0.458,4936,4.53,0.446,-0.01,-0.012
JioSaavn,9.25.2,2026-06-06 00:00:00,871,4.54,0.458,4936,4.53,0.446,-0.01,-0.012
JioSaavn,10.3.3,2026-06-06 00:00:00,871,4.54,0.458,4936,4.53,0.446,-0.01,-0.012
JioSaavn,9.7.2,2026-06-23 00:00:00,4855,4.53,0.445,4622,4.49,0.433,-0.04,-0.012
JioSaavn,9.18.2,2026-06-27 00:00:00,4890,4.51,0.445,4559,4.51,0.433,0.0,-0.012
YouTube Music,9.28.54,2026-07-22 00:00:00,1475,3.58,0.281,1149,3.53,0.269,-0.05,-0.012
YouTube Music,9.29.54,2026-07-25 00:00:00,1488,3.55,0.282,825,3.56,0.27,0.01,-0.012
YouTube Music,9.30.41-WEAR_RELEASE,2026-07-28 00:00:00,1447,3.53,0.274,530,3.59,0.262,0.06,-0.012
YouTube Music,9.29.55,2026-07-28 00:00:00,1447,3.53,0.274,530,3.59,0.262,0.06,-0.012
YouTube Music,9.30.52,2026-07-28 00:00:00,1447,3.53,0.274,530,3.59,0.262,0.06,-0.012
YouTube Music,8.34.40-WEAR_RELEASE,2026-07-28 00:00:00,1447,3.53,0.274,530,3.59,0.262,0.06,-0.012
Amazon Music,24.7.0,2025-12-28 00:00:00,1606,3.76,0.338,1422,3.68,0.327,-0.08,-0.011
Amazon Music,17.11.2,2026-01-16 00:00:00,1234,3.59,0.308,915,3.54,0.297,-0.05,-0.011
Amazon Music,24.5.0,2026-01-16 00:00:00,1234,3.59,0.308,915,3.54,0.297,-0.05,-0.011
Amazon Music,23.16.0,2026-01-16 00:00:00,1234,3.59,0.308,915,3.54,0.297,-0.05,-0.011
JioSaavn,10.6.3,2026-06-08 00:00:00,1607,4.54,0.456,4877,4.53,0.445,-0.01,-0.011
JioSaavn,9.21.1,2026-06-08 00:00:00,1607,4.54,0.456,4877,4.53,0.445,-0.01,-0.011
JioSaavn,9.24.7,2026-06-08 00:00:00,1607,4.54,0.456,4877,4.53,0.445,-0.01,-0.011
JioSaavn,10.0.5,2026-06-08 00:00:00,1607,4.54,0.456,4877,4.53,0.445,-0.01,-0.011
JioSaavn,9.20.2,2026-06-09 00:00:00,1965,4.55,0.456,4855,4.53,0.445,-0.02,-0.011
JioSaavn,9.26.2,2026-06-09 00:00:00,1965,4.55,0.456,4855,4.53,0.445,-0.02,-0.011
Spotify,8.8.4.518,2026-07-14 00:00:00,5890,3.91,0.34,10571,3.88,0.329,-0.03,-0.011
Spotify,8.8.28.409,2026-07-14 00:00:00,5890,3.91,0.34,10571,3.88,0.329,-0.03,-0.011
Spotify,8.9.20.574,2026-07-14 00:00:00,5890,3.91,0.34,10571,3.88,0.329,-0.03,-0.011
Spotify,9.0.0.487,2026-07-14 00:00:00,5890,3.91,0.34,10571,3.88,0.329,-0.03,-0.011
Spotify,9.0.30.642,2026-07-14 00:00:00,5890,3.91,0.34,10571,3.88,0.329,-0.03,-0.011
Spotify,8.6.70.1093,2026-07-14 00:00:00,5890,3.91,0.34,10571,3.88,0.329,-0.03,-0.011
Spotify,8.7.32.1554,2026-07-14 00:00:00,5890,3.91,0.34,10571,3.88,0.329,-0.03,-0.011
Spotify,8.7.56.421,2026-07-14 00:00:00,5890,3.91,0.34,10571,3.88,0.329,-0.03,-0.011
Spotify,9.0.72.967,2026-07-14 00:00:00,5890,3.91,0.34,10571,3.88,0.329,-0.03,-0.011
Spotify,8.6.82.1113,2026-07-14 00:00:00,5890,3.91,0.34,10571,3.88,0.329,-0.03,-0.011
Spotify,8.9.70.556,2026-07-14 00:00:00,5890,3.91,0.34,10571,3.88,0.329,-0.03,-0.011
Spotify,8.7.4.1056,2026-07-16 00:00:00,7403,3.89,0.34,10527,3.89,0.329,0.0,-0.011
Spotify,9.0.16.572,2026-07-16 00:00:00,7403,3.89,0.34,10527,3.89,0.329,0.0,-0.011
Spotify,8.8.32.508,2026-07-16 00:00:00,7403,3.89,0.34,10527,3.89,0.329,0.0,-0.011
Spotify,8.9.90.127,2026-07-16 00:00:00,7403,3.89,0.34,10527,3.89,0.329,0.0,-0.011
Spotify,8.7.84.382,2026-07-16 00:00:00,7403,3.89,0.34,10527,3.89,0.329,0.0,-0.011
Spotify,8.7.44.968,2026-07-16 00:00:00,7403,3.89,0.34,10527,3.89,0.329,0.0,-0.011
YouTube Music,8.26.52,2026-07-20 00:00:00,1479,3.53,0.279,1342,3.55,0.268,0.02,-0.011
Amazon Music,24.22.2,2026-02-13 00:00:00,1027,3.32,0.246,1048,3.22,0.236,-0.1,-0.01
Amazon Music,23.6.0,2026-02-13 00:00:00,1027,3.32,0.246,1048,3.22,0.236,-0.1,-0.01
Amazon Music,22.5.3,2026-05-03 00:00:00,1171,3.49,0.295,1035,3.52,0.285,0.03,-0.01
Amazon Music,26.13.0,2026-05-03 00:00:00,1171,3.49,0.295,1035,3.52,0.285,0.03,-0.01
JioSaavn,9.20.1,2026-06-22 00:00:00,4877,4.53,0.445,4647,4.5,0.435,-0.03,-0.01
JioSaavn,9.26.1,2026-06-22 00:00:00,4877,4.53,0.445,4647,4.5,0.435,-0.03,-0.01
SoundCloud,2023.09.06-release,2025-03-25 00:00:00,641,4.13,0.346,649,4.08,0.336,-0.05,-0.01
SoundCloud,2025.07.07-wear-release,2025-07-16 00:00:00,557,3.9,0.321,561,3.98,0.311,0.08,-0.01
SoundCloud,2017.11.14-release,2026-01-25 00:00:00,488,4.06,0.356,468,3.94,0.346,-0.12,-0.01
SoundCloud,2020.05.04-release,2026-07-03 00:00:00,487,4.22,0.357,490,4.06,0.347,-0.16,-0.01
SoundCloud,2026.07.15-release,2026-07-16 00:00:00,502,4.11,0.355,539,4.12,0.345,0.01,-0.01
Spotify,8.9.46.426,2026-07-15 00:00:00,6668,3.9,0.339,10530,3.88,0.329,-0.02,-0.01
Spotify,8.9.26.592,2026-07-15 00:00:00,6668,3.9,0.339,10530,3.88,0.329,-0.02,-0.01
Spotify,9.0.42.522,2026-07-15 00:00:00,6668,3.9,0.339,10530,3.88,0.329,-0.02,-0.01
Spotify,9.0.54.518,2026-07-15 00:00:00,6668,3.9,0.339,10530,3.88,0.329,-0.02,-0.01
Spotify,8.7.66.534,2026-07-15 00:00:00,6668,3.9,0.339,10530,3.88,0.329,-0.02,-0.01
Spotify,9.0.2.459,2026-07-15 00:00:00,6668,3.9,0.339,10530,3.88,0.329,-0.02,-0.01
Spotify,8.8.22.510,2026-07-15 00:00:00,6668,3.9,0.339,10530,3.88,0.329,-0.02,-0.01
Spotify,8.5.36.747,2026-07-15 00:00:00,6668,3.9,0.339,10530,3.88,0.329,-0.02,-0.01
Spotify,9.0.26.632,2026-07-15 00:00:00,6668,3.9,0.339,10530,3.88,0.329,-0.02,-0.01
Spotify,8.9.68.456,2026-07-15 00:00:00,6668,3.9,0.339,10530,3.88,0.329,-0.02,-0.01
Spotify,9.0.32.624,2026-07-15 00:00:00,6668,3.9,0.339,10530,3.88,0.329,-0.02,-0.01
Spotify,8.9.18.512,2026-07-23 00:00:00,10647,3.89,0.337,7231,3.89,0.327,0.0,-0.01
Spotify,8.7.0.1154,2026-07-23 00:00:00,10647,3.89,0.337,7231,3.89,0.327,0.0,-0.01
Spotify,8.8.20.544,2026-07-23 00:00:00,10647,3.89,0.337,7231,3.89,0.327,0.0,-0.01
Spotify,8.9.38.494,2026-07-23 00:00:00,10647,3.89,0.337,7231,3.89,0.327,0.0,-0.01
Spotify,8.8.94.577,2026-07-23 00:00:00,10647,3.89,0.337,7231,3.89,0.327,0.0,-0.01
YouTube Music,7.14.40-WEAR_RELEASE,2026-07-15 00:00:00,1403,3.52,0.275,1464,3.52,0.265,0.0,-0.01
Amazon Music,17.5.5,2026-01-15 00:00:00,1241,3.62,0.314,930,3.57,0.305,-0.05,-0.009
Amazon Music,25.20.1,2026-01-15 00:00:00,1241,3.62,0.314,930,3.57,0.305,-0.05,-0.009
JioSaavn,9.2.1,2026-06-25 00:00:00,4871,4.52,0.445,4560,4.51,0.436,-0.01,-0.009
JioSaavn,8.16.2,2026-07-29 00:00:00,4619,4.51,0.436,1322,4.47,0.427,-0.04,-0.009
SoundCloud,2020.01.02-release,2025-06-05 00:00:00,678,3.95,0.322,628,3.82,0.313,-0.13,-0.009
SoundCloud,2022.04.25-release,2025-06-07 00:00:00,663,3.93,0.335,619,3.88,0.326,-0.05,-0.009
SoundCloud,2020.10.22-release,2025-07-14 00:00:00,532,3.9,0.328,582,4.01,0.319,0.11,-0.009
SoundCloud,2023.10.30-release,2025-07-14 00:00:00,532,3.9,0.328,582,4.01,0.319,0.11,-0.009
YouTube Music,9.04.50,2026-03-15 00:00:00,80,4.69,0.441,3922,4.36,0.432,-0.33,-0.009
YouTube Music,7.13.52,2026-03-15 00:00:00,80,4.69,0.441,3922,4.36,0.432,-0.33,-0.009
YouTube Music,5.30.51,2026-03-15 00:00:00,80,4.69,0.441,3922,4.36,0.432,-0.33,-0.009
YouTube Music,8.22.52,2026-03-15 00:00:00,80,4.69,0.441,3922,4.36,0.432,-0.33,-0.009
YouTube Music,8.18.51,2026-03-15 00:00:00,80,4.69,0.441,3922,4.36,0.432,-0.33,-0.009
YouTube Music,9.04.51,2026-03-15 00:00:00,80,4.69,0.441,3922,4.36,0.432,-0.33,-0.009
YouTube Music,5.49.54,2026-03-15 00:00:00,80,4.69,0.441,3922,4.36,0.432,-0.33,-0.009
YouTube Music,7.16.52,2026-03-15 00:00:00,80,4.69,0.441,3922,4.36,0.432,-0.33,-0.009
YouTube Music,6.42.52,2026-03-15 00:00:00,80,4.69,0.441,3922,4.36,0.432,-0.33,-0.009
YouTube Music,7.26.51,2026-03-15 00:00:00,80,4.69,0.441,3922,4.36,0.432,-0.33,-0.009
YouTube Music,8.38.52,2026-03-15 00:00:00,80,4.69,0.441,3922,4.36,0.432,-0.33,-0.009
YouTube Music,8.26.51,2026-03-15 00:00:00,80,4.69,0.441,3922,4.36,0.432,-0.33,-0.009
YouTube Music,8.30.51,2026-03-15 00:00:00,80,4.69,0.441,3922,4.36,0.432,-0.33,-0.009
YouTube Music,8.47.54,2026-03-15 00:00:00,80,4.69,0.441,3922,4.36,0.432,-0.33,-0.009
YouTube Music,9.03.52,2026-03-15 00:00:00,80,4.69,0.441,3922,4.36,0.432,-0.33,-0.009
YouTube Music,8.36.51,2026-03-15 00:00:00,80,4.69,0.441,3922,4.36,0.432,-0.33,-0.009
Amazon Music,24.22.0,2026-01-13 00:00:00,1318,3.66,0.319,942,3.57,0.311,-0.09,-0.008
Amazon Music,4.5.0,2026-01-13 00:00:00,1318,3.66,0.319,942,3.57,0.311,-0.09,-0.008
Amazon Music,17.8.2,2026-06-04 00:00:00,1072,3.08,0.223,1226,3.09,0.215,0.01,-0.008
JioSaavn,8.8.1,2026-07-09 00:00:00,4560,4.51,0.436,4615,4.52,0.428,0.01,-0.008
JioSaavn,10.1,2026-07-09 00:00:00,4560,4.51,0.436,4615,4.52,0.428,0.01,-0.008
SoundCloud,2024.07.22-release,2025-04-04 00:00:00,654,4.08,0.337,633,4.08,0.329,0.0,-0.008
SoundCloud,2022.10.04-release,2025-10-25 00:00:00,553,4.02,0.3,444,3.86,0.292,-0.16,-0.008
SoundCloud,2022.03.24-release,2025-11-16 00:00:00,472,4.08,0.342,507,4.03,0.334,-0.05,-0.008
SoundCloud,2026.06.25-release,2026-06-30 00:00:00,501,4.2,0.361,478,4.1,0.353,-0.1,-0.008
Spotify,8.8.64.554,2026-07-18 00:00:00,9036,3.89,0.338,10429,3.9,0.33,0.01,-0.008
Spotify,8.6.42.671,2026-07-18 00:00:00,9036,3.89,0.338,10429,3.9,0.33,0.01,-0.008
Spotify,8.9.82.620,2026-07-18 00:00:00,9036,3.89,0.338,10429,3.9,0.33,0.01,-0.008
Spotify,8.9.80.581,2026-07-18 00:00:00,9036,3.89,0.338,10429,3.9,0.33,0.01,-0.008
Spotify,8.9.78.4,2026-07-18 00:00:00,9036,3.89,0.338,10429,3.9,0.33,0.01,-0.008
Spotify,8.9.74.568,2026-07-18 00:00:00,9036,3.89,0.338,10429,3.9,0.33,0.01,-0.008
Spotify,9.0.8.127,2026-07-22 00:00:00,10654,3.88,0.337,7929,3.9,0.329,0.02,-0.008
Spotify,8.9.8.545,2026-07-22 00:00:00,10654,3.88,0.337,7929,3.9,0.329,0.02,-0.008
Spotify,8.9.52.552,2026-07-22 00:00:00,10654,3.88,0.337,7929,3.9,0.329,0.02,-0.008
Spotify,9.1.68.1888,2026-07-22 00:00:00,10654,3.88,0.337,7929,3.9,0.329,0.02,-0.008
Spotify,9.1.68.1874,2026-07-22 00:00:00,10654,3.88,0.337,7929,3.9,0.329,0.02,-0.008
Spotify,8.6.66.1238,2026-07-22 00:00:00,10654,3.88,0.337,7929,3.9,0.329,0.02,-0.008
Spotify,9.0.88.1405,2026-07-22 00:00:00,10654,3.88,0.337,7929,3.9,0.329,0.02,-0.008
Amazon Music,23.9.0,2025-12-29 00:00:00,1604,3.75,0.337,1372,3.69,0.33,-0.06,-0.007
Amazon Music,25.2.2,2025-12-29 00:00:00,1604,3.75,0.337,1372,3.69,0.33,-0.06,-0.007
Amazon Music,26.13.1,2026-05-04 00:00:00,1165,3.48,0.293,1017,3.52,0.286,0.04,-0.007
Amazon Music,22.15.11,2026-05-04 00:00:00,1165,3.48,0.293,1017,3.52,0.286,0.04,-0.007
Amazon Music,23.13.0,2026-05-04 00:00:00,1165,3.48,0.293,1017,3.52,0.286,0.04,-0.007
JioSaavn,8.6.2,2026-06-21 00:00:00,4932,4.53,0.445,4642,4.51,0.438,-0.02,-0.007
JioSaavn,9.19,2026-07-05 00:00:00,4642,4.51,0.438,4598,4.53,0.431,0.02,-0.007
JioSaavn,8.10.1,2026-07-08 00:00:00,4553,4.5,0.437,4616,4.53,0.43,0.03,-0.007
JioSaavn,10.7.2,2026-07-08 00:00:00,4553,4.5,0.437,4616,4.53,0.43,0.03,-0.007
Spotify,8.9.14.543,2026-07-17 00:00:00,8226,3.89,0.337,10448,3.89,0.33,0.0,-0.007
Spotify,9.0.20.603,2026-07-17 00:00:00,8226,3.89,0.337,10448,3.89,0.33,0.0,-0.007
Spotify,8.5.75.766,2026-07-17 00:00:00,8226,3.89,0.337,10448,3.89,0.33,0.0,-0.007
Spotify,9.1.66.2156,2026-07-17 00:00:00,8226,3.89,0.337,10448,3.89,0.33,0.0,-0.007
Spotify,9.1.26.2265,2026-07-20 00:00:00,10597,3.88,0.337,9384,3.9,0.33,0.02,-0.007
Spotify,9.1.66.2133,2026-07-20 00:00:00,10597,3.88,0.337,9384,3.9,0.33,0.02,-0.007
Spotify,8.9.56.618,2026-07-26 00:00:00,10475,3.9,0.335,5040,3.88,0.328,-0.02,-0.007
Spotify,8.8.76.667,2026-07-26 00:00:00,10475,3.9,0.335,5040,3.88,0.328,-0.02,-0.007
Spotify,8.5.89.901,2026-07-26 00:00:00,10475,3.9,0.335,5040,3.88,0.328,-0.02,-0.007
YouTube Music,9.21.53,2026-06-10 00:00:00,1551,3.48,0.242,1760,3.51,0.235,0.03,-0.007
YouTube Music,9.23.52,2026-06-10 00:00:00,1551,3.48,0.242,1760,3.51,0.235,0.03,-0.007
YouTube Music,5.54.52,2026-06-10 00:00:00,1551,3.48,0.242,1760,3.51,0.235,0.03,-0.007
YouTube Music,9.28.51,2026-07-16 00:00:00,1399,3.52,0.274,1489,3.53,0.267,0.01,-0.007
YouTube Music,4.34.52,2026-07-16 00:00:00,1399,3.52,0.274,1489,3.53,0.267,0.01,-0.007
YouTube Music,5.04.51,2026-07-16 00:00:00,1399,3.52,0.274,1489,3.53,0.267,0.01,-0.007
Amazon Music,23.5.3,2026-05-05 00:00:00,1139,3.46,0.29,1027,3.54,0.284,0.08,-0.006
SoundCloud,2025.06.20-release,2025-06-23 00:00:00,595,3.89,0.337,554,3.99,0.331,0.1,-0.006
Spotify,8.9.66.543,2026-07-19 00:00:00,9788,3.88,0.337,10212,3.9,0.331,0.02,-0.006
Spotify,9.0.52.505,2026-07-19 00:00:00,9788,3.88,0.337,10212,3.9,0.331,0.02,-0.006
Spotify,8.7.74.443,2026-07-19 00:00:00,9788,3.88,0.337,10212,3.9,0.331,0.02,-0.006
Spotify,9.1.66.2142,2026-07-19 00:00:00,9788,3.88,0.337,10212,3.9,0.331,0.02,-0.006
Spotify,8.8.8.548,2026-07-19 00:00:00,9788,3.88,0.337,10212,3.9,0.331,0.02,-0.006
Spotify,8.4.19.792,2026-07-19 00:00:00,9788,3.88,0.337,10212,3.9,0.331,0.02,-0.006
Spotify,7.2.0.1250,2026-07-19 00:00:00,9788,3.88,0.337,10212,3.9,0.331,0.02,-0.006
Spotify,9.0.42.529,2026-07-19 00:00:00,9788,3.88,0.337,10212,3.9,0.331,0.02,-0.006
Spotify,8.7.14.1332,2026-07-27 00:00:00,10528,3.89,0.334,4275,3.88,0.328,-0.01,-0.006
Spotify,9.1.24.1723,2026-07-27 00:00:00,10528,3.89,0.334,4275,3.88,0.328,-0.01,-0.006
Spotify,8.9.94.470,2026-07-27 00:00:00,10528,3.89,0.334,4275,3.88,0.328,-0.01,-0.006
Spotify,8.7.16.1354,2026-07-27 00:00:00,10528,3.89,0.334,4275,3.88,0.328,-0.01,-0.006
Spotify,9.1.48.1661,2026-07-27 00:00:00,10528,3.89,0.334,4275,3.88,0.328,-0.01,-0.006
Spotify,8.6.84.1240,2026-07-27 00:00:00,10528,3.89,0.334,4275,3.88,0.328,-0.01,-0.006
YouTube Music,9.26.56,2026-07-17 00:00:00,1418,3.51,0.273,1484,3.54,0.267,0.03,-0.006
Amazon Music,26.5.1,2026-03-06 00:00:00,1035,3.22,0.252,1012,3.39,0.247,0.17,-0.005
Amazon Music,15.19.4,2026-03-14 00:00:00,1056,3.32,0.243,883,3.3,0.238,-0.02,-0.005
Amazon Music,16.13.1,2026-06-06 00:00:00,1133,3.05,0.222,1223,3.15,0.217,0.1,-0.005
JioSaavn,9.5.1,2026-06-20 00:00:00,4936,4.53,0.446,4679,4.51,0.441,-0.02,-0.005
JioSaavn,5.8.0,2026-06-20 00:00:00,4936,4.53,0.446,4679,4.51,0.441,-0.02,-0.005
JioSaavn,1.8.1,2026-07-11 00:00:00,4559,4.51,0.433,4583,4.52,0.428,0.01,-0.005
JioSaavn,9.9.1,2026-07-11 00:00:00,4559,4.51,0.433,4583,4.52,0.428,0.01,-0.005
JioSaavn,6.1.1,2026-08-01 00:00:00,4708,4.5,0.435,244,4.42,0.43,-0.08,-0.005
SoundCloud,2024.05.17-release,2025-03-06 00:00:00,682,4.09,0.352,662,4.14,0.347,0.05,-0.005
SoundCloud,2024.08.01-release,2025-03-08 00:00:00,693,4.1,0.353,635,4.15,0.348,0.05,-0.005
SoundCloud,2022.02.21-release,2025-03-08 00:00:00,693,4.1,0.353,635,4.15,0.348,0.05,-0.005
SoundCloud,2022.09.28-release,2025-08-07 00:00:00,523,4.0,0.347,554,3.97,0.342,-0.03,-0.005
SoundCloud,2026.02.20-beta,2026-03-07 00:00:00,429,4.18,0.35,412,4.1,0.345,-0.08,-0.005
Spotify,8.9.58.572,2026-07-21 00:00:00,10598,3.88,0.335,8663,3.9,0.33,0.02,-0.005
Spotify,8.5.96.936,2026-07-21 00:00:00,10598,3.88,0.335,8663,3.9,0.33,0.02,-0.005
Spotify,8.8.88.397,2026-07-21 00:00:00,10598,3.88,0.335,8663,3.9,0.33,0.02,-0.005
YouTube Music,5.26.52,2026-06-08 00:00:00,1563,3.48,0.245,1738,3.5,0.24,0.02,-0.005
YouTube Music,5.48.52,2026-06-15 00:00:00,1596,3.5,0.239,1776,3.49,0.234,-0.01,-0.005
YouTube Music,4.59.50,2026-06-15 00:00:00,1596,3.5,0.239,1776,3.49,0.234,-0.01,-0.005
Amazon Music,24.23.0,2026-03-08 00:00:00,1070,3.24,0.248,1010,3.36,0.244,0.12,-0.004
Amazon Music,25.14.7,2026-06-05 00:00:00,1117,3.07,0.223,1216,3.13,0.219,0.06,-0.004
Amazon Music,23.3.0,2026-06-05 00:00:00,1117,3.07,0.223,1216,3.13,0.219,0.06,-0.004
Amazon Music,22.14.4,2026-06-05 00:00:00,1117,3.07,0.223,1216,3.13,0.219,0.06,-0.004
Amazon Music,22.14.5,2026-06-05 00:00:00,1117,3.07,0.223,1216,3.13,0.219,0.06,-0.004
JioSaavn,8.12.2,2026-06-13 00:00:00,3322,4.55,0.449,4890,4.51,0.445,-0.04,-0.004
JioSaavn,9.15.1,2026-06-13 00:00:00,3322,4.55,0.449,4890,4.51,0.445,-0.04,-0.004
JioSaavn,9.27.2,2026-06-13 00:00:00,3322,4.55,0.449,4890,4.51,0.445,-0.04,-0.004
JioSaavn,10.7,2026-06-13 00:00:00,3322,4.55,0.449,4890,4.51,0.445,-0.04,-0.004
JioSaavn,9.22,2026-06-13 00:00:00,3322,4.55,0.449,4890,4.51,0.445,-0.04,-0.004
JioSaavn,8.5.2,2026-06-17 00:00:00,4763,4.54,0.447,4723,4.51,0.443,-0.03,-0.004
JioSaavn,9.11.3,2026-06-24 00:00:00,4864,4.52,0.441,4553,4.5,0.437,-0.02,-0.004
JioSaavn,10.7.1,2026-06-24 00:00:00,4864,4.52,0.441,4553,4.5,0.437,-0.02,-0.004
JioSaavn,9.8.1,2026-06-24 00:00:00,4864,4.52,0.441,4553,4.5,0.437,-0.02,-0.004
JioSaavn,9.15.2,2026-06-24 00:00:00,4864,4.52,0.441,4553,4.5,0.437,-0.02,-0.004
JioSaavn,8.13.1,2026-07-06 00:00:00,4647,4.5,0.435,4615,4.53,0.431,0.03,-0.004
SoundCloud,2024.10.29-release,2025-03-05 00:00:00,633,4.11,0.35,657,4.12,0.346,0.01,-0.004
SoundCloud,2016.04.20-release,2025-03-05 00:00:00,633,4.11,0.35,657,4.12,0.346,0.01,-0.004
SoundCloud,2025.03.17-release,2025-03-19 00:00:00,657,4.12,0.346,658,4.08,0.342,-0.04,-0.004
SoundCloud,2024.10.16-release,2025-04-03 00:00:00,644,4.08,0.334,635,4.09,0.33,0.01,-0.004
SoundCloud,2026.07.10-release,2026-07-14 00:00:00,478,4.1,0.353,544,4.13,0.349,0.03,-0.004
Spotify,8.9.42.575,2026-07-13 00:00:00,5197,3.91,0.338,10528,3.89,0.334,-0.02,-0.004
Spotify,9.1.50.1903,2026-07-13 00:00:00,5197,3.91,0.338,10528,3.89,0.334,-0.02,-0.004
Spotify,8.8.36.522,2026-07-13 00:00:00,5197,3.91,0.338,10528,3.89,0.334,-0.02,-0.004
Spotify,8.8.12.545,2026-07-13 00:00:00,5197,3.91,0.338,10528,3.89,0.334,-0.02,-0.004
Spotify,8.7.36.905,2026-07-13 00:00:00,5197,3.91,0.338,10528,3.89,0.334,-0.02,-0.004
Spotify,9.0.58.596,2026-07-13 00:00:00,5197,3.91,0.338,10528,3.89,0.334,-0.02,-0.004
Spotify,9.0.86.1358,2026-07-13 00:00:00,5197,3.91,0.338,10528,3.89,0.334,-0.02,-0.004
Spotify,9.0.28.121,2026-07-13 00:00:00,5197,3.91,0.338,10528,3.89,0.334,-0.02,-0.004
Spotify,9.0.80.1343,2026-07-13 00:00:00,5197,3.91,0.338,10528,3.89,0.334,-0.02,-0.004
YouTube Music,6.34.51,2026-03-17 00:00:00,631,4.43,0.434,3968,4.35,0.43,-0.08,-0.004
YouTube Music,2.41.54,2026-03-17 00:00:00,631,4.43,0.434,3968,4.35,0.43,-0.08,-0.004
YouTube Music,8.25.53,2026-03-17 00:00:00,631,4.43,0.434,3968,4.35,0.43,-0.08,-0.004
YouTube Music,8.40.52,2026-03-17 00:00:00,631,4.43,0.434,3968,4.35,0.43,-0.08,-0.004
YouTube Music,9.11.54,2026-03-17 00:00:00,631,4.43,0.434,3968,4.35,0.43,-0.08,-0.004
YouTube Music,8.06.51,2026-03-17 00:00:00,631,4.43,0.434,3968,4.35,0.43,-0.08,-0.004
YouTube Music,6.29.58,2026-03-17 00:00:00,631,4.43,0.434,3968,4.35,0.43,-0.08,-0.004
YouTube Music,3.49.53,2026-03-17 00:00:00,631,4.43,0.434,3968,4.35,0.43,-0.08,-0.004
YouTube Music,8.17.52,2026-03-17 00:00:00,631,4.43,0.434,3968,4.35,0.43,-0.08,-0.004
YouTube Music,8.51.51,2026-03-17 00:00:00,631,4.43,0.434,3968,4.35,0.43,-0.08,-0.004
YouTube Music,9.10.53,2026-03-17 00:00:00,631,4.43,0.434,3968,4.35,0.43,-0.08,-0.004
YouTube Music,7.22.51,2026-06-18 00:00:00,1654,3.48,0.239,1695,3.51,0.235,0.03,-0.004
JioSaavn,9.7.1,2026-06-11 00:00:00,2654,4.55,0.448,4871,4.52,0.445,-0.03,-0.003
JioSaavn,10.3.1,2026-06-12 00:00:00,2993,4.55,0.449,4883,4.52,0.446,-0.03,-0.003
JioSaavn,8.15.1,2026-06-12 00:00:00,2993,4.55,0.449,4883,4.52,0.446,-0.03,-0.003
JioSaavn,9.14.5,2026-06-12 00:00:00,2993,4.55,0.449,4883,4.52,0.446,-0.03,-0.003
JioSaavn,9.1.1,2026-06-14 00:00:00,3703,4.54,0.448,4820,4.52,0.445,-0.02,-0.003
JioSaavn,10.4.1,2026-06-14 00:00:00,3703,4.54,0.448,4820,4.52,0.445,-0.02,-0.003
JioSaavn,8.6.1,2026-06-16 00:00:00,4410,4.55,0.447,4735,4.5,0.444,-0.05,-0.003
JioSaavn,9.6.2,2026-06-19 00:00:00,4925,4.54,0.445,4689,4.52,0.442,-0.02,-0.003
JioSaavn,9.5.2,2026-06-19 00:00:00,4925,4.54,0.445,4689,4.52,0.442,-0.02,-0.003
JioSaavn,9.28,2026-06-19 00:00:00,4925,4.54,0.445,4689,4.52,0.442,-0.02,-0.003
SoundCloud,2025.03.03-release,2025-03-04 00:00:00,579,4.12,0.349,672,4.12,0.346,0.0,-0.003
SoundCloud,2023.03.17-release,2025-03-04 00:00:00,579,4.12,0.349,672,4.12,0.346,0.0,-0.003
SoundCloud,2020.12.18-release,2025-03-04 00:00:00,579,4.12,0.349,672,4.12,0.346,0.0,-0.003
SoundCloud,2024.12.04-release,2025-06-11 00:00:00,667,3.91,0.331,588,3.93,0.328,0.02,-0.003
SoundCloud,2021.08.05-release,2025-06-11 00:00:00,667,3.91,0.331,588,3.93,0.328,0.02,-0.003
SoundCloud,2016.09.21-release,2025-09-28 00:00:00,509,4.1,0.326,545,4.12,0.323,0.02,-0.003
YouTube Music,6.29.57,2026-03-20 00:00:00,1591,4.39,0.432,3769,4.33,0.429,-0.06,-0.003
YouTube Music,2.69.56,2026-03-20 00:00:00,1591,4.39,0.432,3769,4.33,0.429,-0.06,-0.003
YouTube Music,9.05.52,2026-04-24 00:00:00,2005,3.29,0.206,2028,3.17,0.203,-0.12,-0.003
YouTube Music,9.16.40-WEAR_RELEASE,2026-04-24 00:00:00,2005,3.29,0.206,2028,3.17,0.203,-0.12,-0.003
YouTube Music,3.35.51,2026-04-24 00:00:00,2005,3.29,0.206,2028,3.17,0.203,-0.12,-0.003
YouTube Music,4.67.51,2026-06-07 00:00:00,1560,3.45,0.245,1714,3.49,0.242,0.04,-0.003
YouTube Music,8.30.52,2026-06-07 00:00:00,1560,3.45,0.245,1714,3.49,0.242,0.04,-0.003
YouTube Music,7.15.51,2026-06-07 00:00:00,1560,3.45,0.245,1714,3.49,0.242,0.04,-0.003
YouTube Music,9.23.53,2026-06-16 00:00:00,1656,3.49,0.236,1731,3.49,0.233,0.0,-0.003
YouTube Music,9.24.51,2026-06-16 00:00:00,1656,3.49,0.236,1731,3.49,0.233,0.0,-0.003
Amazon Music,25.1.1,2026-03-05 00:00:00,1034,3.23,0.243,1044,3.36,0.241,0.13,-0.002
Amazon Music,16.3.2,2026-03-05 00:00:00,1034,3.23,0.243,1044,3.36,0.241,0.13,-0.002
JioSaavn,8.0.1,2026-06-15 00:00:00,4052,4.54,0.447,4769,4.51,0.445,-0.03,-0.002
JioSaavn,6.10.2,2026-06-15 00:00:00,4052,4.54,0.447,4769,4.51,0.445,-0.03,-0.002
JioSaavn,8.9,2026-06-15 00:00:00,4052,4.54,0.447,4769,4.51,0.445,-0.03,-0.002
SoundCloud,2022.01.28-release,2025-03-07 00:00:00,698,4.09,0.349,635,4.14,0.347,0.05,-0.002
SoundCloud,2021.03.15-release,2026-01-09 00:00:00,505,4.14,0.369,494,4.08,0.367,-0.06,-0.002
SoundCloud,2021.04.26-release,2026-06-15 00:00:00,579,4.26,0.363,516,4.21,0.361,-0.05,-0.002
Spotify,9.1.36.1948,2026-07-08 00:00:00,1417,3.94,0.339,10654,3.88,0.337,-0.06,-0.002
Spotify,9.0.64.608,2026-07-08 00:00:00,1417,3.94,0.339,10654,3.88,0.337,-0.06,-0.002
Spotify,9.0.28.630,2026-07-08 00:00:00,1417,3.94,0.339,10654,3.88,0.337,-0.06,-0.002
Spotify,8.9.82.607,2026-07-08 00:00:00,1417,3.94,0.339,10654,3.88,0.337,-0.06,-0.002
Spotify,8.9.98.488,2026-07-08 00:00:00,1417,3.94,0.339,10654,3.88,0.337,-0.06,-0.002
Spotify,8.8.74.652,2026-07-08 00:00:00,1417,3.94,0.339,10654,3.88,0.337,-0.06,-0.002
Spotify,9.1.20.1452,2026-07-08 00:00:00,1417,3.94,0.339,10654,3.88,0.337,-0.06,-0.002
Spotify,9.1.48.1663,2026-07-08 00:00:00,1417,3.94,0.339,10654,3.88,0.337,-0.06,-0.002
Spotify,9.0.10.415,2026-07-08 00:00:00,1417,3.94,0.339,10654,3.88,0.337,-0.06,-0.002
Spotify,9.0.34.593,2026-07-08 00:00:00,1417,3.94,0.339,10654,3.88,0.337,-0.06,-0.002
Spotify,9.1.64.1671,2026-07-08 00:00:00,1417,3.94,0.339,10654,3.88,0.337,-0.06,-0.002
Spotify,8.7.92.521,2026-07-08 00:00:00,1417,3.94,0.339,10654,3.88,0.337,-0.06,-0.002
Spotify,8.9.30.433,2026-07-08 00:00:00,1417,3.94,0.339,10654,3.88,0.337,-0.06,-0.002
Spotify,8.9.96.476,2026-07-08 00:00:00,1417,3.94,0.339,10654,3.88,0.337,-0.06,-0.002
Spotify,9.1.18.1504,2026-07-08 00:00:00,1417,3.94,0.339,10654,3.88,0.337,-0.06,-0.002
Spotify,9.0.62.622,2026-07-08 00:00:00,1417,3.94,0.339,10654,3.88,0.337,-0.06,-0.002
Spotify,9.0.68.632,2026-07-08 00:00:00,1417,3.94,0.339,10654,3.88,0.337,-0.06,-0.002
Spotify,8.9.24.633,2026-07-08 00:00:00,1417,3.94,0.339,10654,3.88,0.337,-0.06,-0.002
Spotify,9.0.82.1032,2026-07-08 00:00:00,1417,3.94,0.339,10654,3.88,0.337,-0.06,-0.002
Spotify,9.1.2.1253,2026-07-08 00:00:00,1417,3.94,0.339,10654,3.88,0.337,-0.06,-0.002
Spotify,8.8.58.473,2026-07-08 00:00:00,1417,3.94,0.339,10654,3.88,0.337,-0.06,-0.002
Spotify,8.8.68.565,2026-07-12 00:00:00,4485,3.89,0.337,10475,3.9,0.335,0.01,-0.002
Spotify,9.0.44.478,2026-07-12 00:00:00,4485,3.89,0.337,10475,3.9,0.335,0.01,-0.002
Spotify,8.8.44.527,2026-07-12 00:00:00,4485,3.89,0.337,10475,3.9,0.335,0.01,-0.002
Spotify,9.1.20.1442,2026-07-12 00:00:00,4485,3.89,0.337,10475,3.9,0.335,0.01,-0.002
Spotify,8.6.48.796,2026-07-12 00:00:00,4485,3.89,0.337,10475,3.9,0.335,0.01,-0.002
Spotify,8.7.78.373,2026-07-12 00:00:00,4485,3.89,0.337,10475,3.9,0.335,0.01,-0.002
Spotify,8.5.5.853,2026-07-12 00:00:00,4485,3.89,0.337,10475,3.9,0.335,0.01,-0.002
Spotify,9.1.46.1922,2026-07-12 00:00:00,4485,3.89,0.337,10475,3.9,0.335,0.01,-0.002
Spotify,8.6.56.867,2026-07-12 00:00:00,4485,3.89,0.337,10475,3.9,0.335,0.01,-0.002
Spotify,8.6.20.1063,2026-07-12 00:00:00,4485,3.89,0.337,10475,3.9,0.335,0.01,-0.002
Spotify,8.8.2.434,2026-07-12 00:00:00,4485,3.89,0.337,10475,3.9,0.335,0.01,-0.002
YouTube Music,4.54.42-WEAR_RELEASE,2026-07-29 00:00:00,1464,3.52,0.265,414,3.57,0.263,0.05,-0.002
JioSaavn,9.21,2026-06-18 00:00:00,4970,4.54,0.445,4689,4.51,0.444,-0.03,-0.001
JioSaavn,8.11.2,2026-07-28 00:00:00,4602,4.52,0.434,1635,4.47,0.433,-0.05,-0.001
SoundCloud,2026.02.27-release,2026-03-04 00:00:00,430,4.19,0.349,427,4.09,0.348,-0.1,-0.001
Spotify,9.0.76.1126,2026-07-09 00:00:00,2122,3.92,0.338,10647,3.89,0.337,-0.03,-0.001
Spotify,9.1.14.864,2026-07-09 00:00:00,2122,3.92,0.338,10647,3.89,0.337,-0.03,-0.001
Spotify,9.0.66.655,2026-07-09 00:00:00,2122,3.92,0.338,10647,3.89,0.337,-0.03,-0.001
Spotify,8.7.68.568,2026-07-09 00:00:00,2122,3.92,0.338,10647,3.89,0.337,-0.03,-0.001
Spotify,8.6.70.1102,2026-07-09 00:00:00,2122,3.92,0.338,10647,3.89,0.337,-0.03,-0.001
Spotify,9.1.30.1993,2026-07-09 00:00:00,2122,3.92,0.338,10647,3.89,0.337,-0.03,-0.001
Spotify,9.0.18.604,2026-07-09 00:00:00,2122,3.92,0.338,10647,3.89,0.337,-0.03,-0.001
Spotify,8.8.46.529,2026-07-09 00:00:00,2122,3.92,0.338,10647,3.89,0.337,-0.03,-0.001
Spotify,8.9.10.616,2026-07-09 00:00:00,2122,3.92,0.338,10647,3.89,0.337,-0.03,-0.001
Spotify,8.5.48.1049,2026-07-09 00:00:00,2122,3.92,0.338,10647,3.89,0.337,-0.03,-0.001
Spotify,8.7.40.777,2026-07-09 00:00:00,2122,3.92,0.338,10647,3.89,0.337,-0.03,-0.001
Spotify,9.1.6.1145,2026-07-09 00:00:00,2122,3.92,0.338,10647,3.89,0.337,-0.03,-0.001
Spotify,8.8.66.563,2026-07-09 00:00:00,2122,3.92,0.338,10647,3.89,0.337,-0.03,-0.001
Spotify,9.0.84.1340,2026-07-09 00:00:00,2122,3.92,0.338,10647,3.89,0.337,-0.03,-0.001
Spotify,8.8.40.470,2026-07-09 00:00:00,2122,3.92,0.338,10647,3.89,0.337,-0.03,-0.001
Spotify,8.9.34.590,2026-07-09 00:00:00,2122,3.92,0.338,10647,3.89,0.337,-0.03,-0.001
Spotify,8.9.40.509,2026-07-09 00:00:00,2122,3.92,0.338,10647,3.89,0.337,-0.03,-0.001
Spotify,9.1.12.226,2026-07-09 00:00:00,2122,3.92,0.338,10647,3.89,0.337,-0.03,-0.001
Spotify,9.0.46.496,2026-07-09 00:00:00,2122,3.92,0.338,10647,3.89,0.337,-0.03,-0.001
Spotify,8.8.54.481,2026-07-09 00:00:00,2122,3.92,0.338,10647,3.89,0.337,-0.03,-0.001
Spotify,9.0.96.826,2026-07-09 00:00:00,2122,3.92,0.338,10647,3.89,0.337,-0.03,-0.001
Spotify,8.9.78.513,2026-07-09 00:00:00,2122,3.92,0.338,10647,3.89,0.337,-0.03,-0.001
YouTube Music,2.43.56,2026-06-13 00:00:00,1564,3.49,0.237,1813,3.49,0.236,0.0,-0.001
YouTube Music,5.03.50,2026-06-17 00:00:00,1681,3.48,0.235,1708,3.51,0.234,0.03,-0.001
YouTube Music,4.35.51,2026-07-19 00:00:00,1472,3.51,0.271,1456,3.55,0.27,0.04,-0.001
JioSaavn,9.17.1,2026-07-12 00:00:00,4597,4.51,0.431,4564,4.52,0.431,0.01,0.0
JioSaavn,8.3.1,2026-07-12 00:00:00,4597,4.51,0.431,4564,4.52,0.431,0.01,0.0
YouTube Music,6.49.53,2026-03-16 00:00:00,350,4.5,0.43,3927,4.36,0.43,-0.14,0.0
YouTube Music,5.11.55,2026-03-16 00:00:00,350,4.5,0.43,3927,4.36,0.43,-0.14,0.0
YouTube Music,8.33.53,2026-03-16 00:00:00,350,4.5,0.43,3927,4.36,0.43,-0.14,0.0
YouTube Music,6.37.50,2026-03-16 00:00:00,350,4.5,0.43,3927,4.36,0.43,-0.14,0.0
YouTube Music,6.33.51,2026-03-16 00:00:00,350,4.5,0.43,3927,4.36,0.43,-0.14,0.0
YouTube Music,8.23.52,2026-03-16 00:00:00,350,4.5,0.43,3927,4.36,0.43,-0.14,0.0
YouTube Music,9.05.51,2026-03-16 00:00:00,350,4.5,0.43,3927,4.36,0.43,-0.14,0.0
YouTube Music,7.23.51,2026-03-16 00:00:00,350,4.5,0.43,3927,4.36,0.43,-0.14,0.0
YouTube Music,8.29.52,2026-03-16 00:00:00,350,4.5,0.43,3927,4.36,0.43,-0.14,0.0
YouTube Music,9.02.50,2026-03-16 00:00:00,350,4.5,0.43,3927,4.36,0.43,-0.14,0.0
YouTube Music,8.42.53,2026-03-16 00:00:00,350,4.5,0.43,3927,4.36,0.43,-0.14,0.0
YouTube Music,7.25.52,2026-03-16 00:00:00,350,4.5,0.43,3927,4.36,0.43,-0.14,0.0
YouTube Music,8.45.51,2026-03-18 00:00:00,931,4.41,0.431,3995,4.35,0.431,-0.06,0.0
YouTube Music,9.06.52,2026-03-18 00:00:00,931,4.41,0.431,3995,4.35,0.431,-0.06,0.0
YouTube Music,9.10.40-WEAR_RELEASE,2026-03-18 00:00:00,931,4.41,0.431,3995,4.35,0.431,-0.06,0.0
YouTube Music,5.40.51,2026-03-18 00:00:00,931,4.41,0.431,3995,4.35,0.431,-0.06,0.0
YouTube Music,8.37.55,2026-03-18 00:00:00,931,4.41,0.431,3995,4.35,0.431,-0.06,0.0
YouTube Music,9.05.40-WEAR_RELEASE,2026-03-18 00:00:00,931,4.41,0.431,3995,4.35,0.431,-0.06,0.0
YouTube Music,5.33.51,2026-03-18 00:00:00,931,4.41,0.431,3995,4.35,0.431,-0.06,0.0
YouTube Music,4.38.51,2026-03-18 00:00:00,931,4.41,0.431,3995,4.35,0.431,-0.06,0.0
YouTube Music,9.11.40-WEAR_RELEASE,2026-03-18 00:00:00,931,4.41,0.431,3995,4.35,0.431,-0.06,0.0
YouTube Music,4.44.52,2026-03-18 00:00:00,931,4.41,0.431,3995,4.35,0.431,-0.06,0.0
YouTube Music,9.23.40-WEAR_RELEASE,2026-06-12 00:00:00,1565,3.5,0.239,1775,3.5,0.239,0.0,0.0
YouTube Music,9.03.53,2026-06-12 00:00:00,1565,3.5,0.239,1775,3.5,0.239,0.0,0.0
YouTube Music,9.24.52,2026-06-23 00:00:00,1743,3.51,0.24,1486,3.48,0.24,-0.03,0.0
YouTube Music,9.25.50,2026-06-23 00:00:00,1743,3.51,0.24,1486,3.48,0.24,-0.03,0.0
SoundCloud,2026.06.10-release,2026-06-16 00:00:00,589,4.24,0.36,501,4.2,0.361,-0.04,0.001
SoundCloud,2019.06.11-release,2026-06-29 00:00:00,516,4.21,0.361,478,4.08,0.362,-0.13,0.001
SoundCloud,2026.07.03-release,2026-07-06 00:00:00,462,4.18,0.353,508,4.15,0.354,-0.03,0.001
SoundCloud,2025.07.14-release,2025-07-17 00:00:00,572,3.92,0.311,544,3.96,0.313,0.04,0.002
SoundCloud,2025.09.04-release,2025-09-09 00:00:00,528,3.98,0.297,518,4.09,0.299,0.11,0.002
Amazon Music,22.15.13,2026-01-17 00:00:00,1198,3.57,0.3,899,3.57,0.303,0.0,0.003
Amazon Music,16.19.2,2026-01-17 00:00:00,1198,3.57,0.3,899,3.57,0.303,0.0,0.003
Amazon Music,23.11.0,2026-01-17 00:00:00,1198,3.57,0.3,899,3.57,0.303,0.0,0.003
Amazon Music,24.20.1,2026-02-16 00:00:00,1082,3.24,0.227,1039,3.22,0.23,-0.02,0.003
Amazon Music,15.19.5,2026-02-16 00:00:00,1082,3.24,0.227,1039,3.22,0.23,-0.02,0.003
Amazon Music,26.4.0,2026-02-16 00:00:00,1082,3.24,0.227,1039,3.22,0.23,-0.02,0.003
Amazon Music,22.14.6,2026-02-25 00:00:00,1067,3.21,0.232,1062,3.28,0.235,0.07,0.003
Amazon Music,23.10.1,2026-03-09 00:00:00,1068,3.24,0.241,1024,3.36,0.244,0.12,0.003
JioSaavn,9.26,2026-07-14 00:00:00,4618,4.52,0.431,4602,4.52,0.434,0.0,0.003
SoundCloud,2022.01.13-release,2025-02-22 00:00:00,93,4.11,0.35,693,4.1,0.353,-0.01,0.003
SoundCloud,2026.01.23-release,2026-01-27 00:00:00,480,4.06,0.354,475,3.92,0.357,-0.14,0.003
SoundCloud,2020.02.03-release,2026-02-25 00:00:00,455,4.14,0.341,434,4.13,0.344,-0.01,0.003
Spotify,8.7.48.1062,2026-08-01 00:00:00,10429,3.9,0.33,535,3.92,0.333,0.02,0.003
Spotify,9.0.24.601,2026-08-01 00:00:00,10429,3.9,0.33,535,3.92,0.333,0.02,0.003
Spotify,9.1.40.1482,2026-08-01 00:00:00,10429,3.9,0.33,535,3.92,0.333,0.02,0.003
Spotify,8.6.14.975,2026-08-01 00:00:00,10429,3.9,0.33,535,3.92,0.333,0.02,0.003
YouTube Music,3.79.50,2026-05-28 00:00:00,1670,3.43,0.243,1565,3.5,0.246,0.07,0.003
YouTube Music,6.27.53,2026-05-28 00:00:00,1670,3.43,0.243,1565,3.5,0.246,0.07,0.003
YouTube Music,9.28.52,2026-07-27 00:00:00,1439,3.52,0.273,639,3.62,0.276,0.1,0.003
SoundCloud,2024.05.02-release,2025-03-17 00:00:00,668,4.11,0.344,640,4.06,0.348,-0.05,0.004
SoundCloud,2024.11.07-release,2025-03-17 00:00:00,668,4.11,0.344,640,4.06,0.348,-0.05,0.004
SoundCloud,2022.01.20-release,2025-04-08 00:00:00,649,4.08,0.336,635,4.1,0.34,0.02,0.004
Spotify,8.9.6.458,2026-07-11 00:00:00,3747,3.89,0.334,10511,3.9,0.338,0.01,0.004
Spotify,8.9.84.594,2026-07-11 00:00:00,3747,3.89,0.334,10511,3.9,0.338,0.01,0.004
Spotify,9.0.50.416,2026-07-11 00:00:00,3747,3.89,0.334,10511,3.9,0.338,0.01,0.004
Spotify,8.9.44.368,2026-07-11 00:00:00,3747,3.89,0.334,10511,3.9,0.338,0.01,0.004
Spotify,8.7.28.1217,2026-07-11 00:00:00,3747,3.89,0.334,10511,3.9,0.338,0.01,0.004
Spotify,8.6.78.266,2026-07-11 00:00:00,3747,3.89,0.334,10511,3.9,0.338,0.01,0.004
Spotify,9.1.70.1896,2026-07-30 00:00:00,10527,3.89,0.329,2070,3.89,0.333,0.0,0.004
YouTube Music,7.29.51,2026-03-19 00:00:00,1252,4.38,0.429,3996,4.35,0.433,-0.03,0.004
YouTube Music,6.43.52,2026-03-19 00:00:00,1252,4.38,0.429,3996,4.35,0.433,-0.03,0.004
YouTube Music,6.25.53,2026-03-19 00:00:00,1252,4.38,0.429,3996,4.35,0.433,-0.03,0.004
YouTube Music,8.09.50,2026-03-19 00:00:00,1252,4.38,0.429,3996,4.35,0.433,-0.03,0.004
YouTube Music,8.41.51,2026-03-19 00:00:00,1252,4.38,0.429,3996,4.35,0.433,-0.03,0.004
YouTube Music,8.39.53,2026-03-19 00:00:00,1252,4.38,0.429,3996,4.35,0.433,-0.03,0.004
YouTube Music,8.49.55,2026-03-19 00:00:00,1252,4.38,0.429,3996,4.35,0.433,-0.03,0.004
YouTube Music,5.51.50,2026-03-19 00:00:00,1252,4.38,0.429,3996,4.35,0.433,-0.03,0.004
Amazon Music,23.7.0,2026-02-23 00:00:00,1043,3.25,0.236,1068,3.24,0.241,-0.01,0.005
Amazon Music,26.4.5,2026-02-23 00:00:00,1043,3.25,0.236,1068,3.24,0.241,-0.01,0.005
Amazon Music,25.15.1,2026-03-10 00:00:00,1061,3.28,0.243,1045,3.37,0.248,0.09,0.005
Amazon Music,7.7.2_307070210,2026-06-07 00:00:00,1147,3.02,0.213,1247,3.18,0.218,0.16,0.005
Amazon Music,17.16.6,2026-06-07 00:00:00,1147,3.02,0.213,1247,3.18,0.218,0.16,0.005
SoundCloud,2022.06.15-release,2025-06-08 00:00:00,668,3.9,0.324,606,3.86,0.329,-0.04,0.005
SoundCloud,2023.05.30-release,2025-08-13 00:00:00,551,3.97,0.347,524,4.02,0.352,0.05,0.005
SoundCloud,2025.08.11-release,2025-08-13 00:00:00,551,3.97,0.347,524,4.02,0.352,0.05,0.005
SoundCloud,2026.05.21-release,2026-05-26 00:00:00,466,4.14,0.371,586,4.24,0.376,0.1,0.005
SoundCloud,2026.05.21-beta,2026-05-26 00:00:00,466,4.14,0.371,586,4.24,0.376,0.1,0.005
YouTube Music,9.21.51,2026-05-27 00:00:00,1688,3.43,0.237,1551,3.48,0.242,0.05,0.005
YouTube Music,4.49.51,2026-05-27 00:00:00,1688,3.43,0.237,1551,3.48,0.242,0.05,0.005
YouTube Music,9.20.53,2026-05-27 00:00:00,1688,3.43,0.237,1551,3.48,0.242,0.05,0.005
JioSaavn,10.7.3,2026-07-15 00:00:00,4573,4.52,0.43,4619,4.51,0.436,-0.01,0.006
SoundCloud,2024.09.30-release,2025-02-21 00:00:00,48,4.06,0.343,698,4.09,0.349,0.03,0.006
YouTube Music,5.12.51,2026-05-12 00:00:00,2008,3.24,0.221,1716,3.4,0.227,0.16,0.006
YouTube Music,7.22.52,2026-05-12 00:00:00,2008,3.24,0.221,1716,3.4,0.227,0.16,0.006
YouTube Music,7.14.53,2026-05-12 00:00:00,2008,3.24,0.221,1716,3.4,0.227,0.16,0.006
YouTube Music,8.19.53,2026-05-12 00:00:00,2008,3.24,0.221,1716,3.4,0.227,0.16,0.006
SoundCloud,2020.09.22-release,2025-04-21 00:00:00,621,4.09,0.333,730,3.9,0.34,-0.19,0.007
Amazon Music,15.21.8,2026-02-24 00:00:00,1035,3.21,0.235,1061,3.28,0.243,0.07,0.008
Amazon Music,8.0.2,2026-07-12 00:00:00,1620,3.22,0.238,1302,3.32,0.246,0.1,0.008
SoundCloud,2024.09.10-wear-release,2025-06-30 00:00:00,580,3.97,0.32,532,3.9,0.328,-0.07,0.008
SoundCloud,2024.01.19-tv-release,2025-06-30 00:00:00,580,3.97,0.32,532,3.9,0.328,-0.07,0.008
SoundCloud,2021.10.13-release,2025-09-26 00:00:00,503,4.1,0.325,550,4.15,0.333,0.05,0.008
SoundCloud,1.1.6,2026-05-14 00:00:00,366,4.1,0.368,453,4.13,0.376,0.03,0.008
Spotify,9.1.64.1674,2026-07-10 00:00:00,2952,3.88,0.331,10528,3.9,0.339,0.02,0.008
Spotify,9.0.20.604,2026-07-10 00:00:00,2952,3.88,0.331,10528,3.9,0.339,0.02,0.008
Spotify,8.6.98.900,2026-07-10 00:00:00,2952,3.88,0.331,10528,3.9,0.339,0.02,0.008
Spotify,9.0.40.391,2026-07-10 00:00:00,2952,3.88,0.331,10528,3.9,0.339,0.02,0.008
Spotify,9.0.84.1314,2026-07-10 00:00:00,2952,3.88,0.331,10528,3.9,0.339,0.02,0.008
Spotify,8.8.80.599,2026-07-10 00:00:00,2952,3.88,0.331,10528,3.9,0.339,0.02,0.008
Spotify,8.9.36.616,2026-07-10 00:00:00,2952,3.88,0.331,10528,3.9,0.339,0.02,0.008
Spotify,8.7.86.422,2026-07-10 00:00:00,2952,3.88,0.331,10528,3.9,0.339,0.02,0.008
Spotify,8.6.74.1176,2026-07-10 00:00:00,2952,3.88,0.331,10528,3.9,0.339,0.02,0.008
Spotify,8.9.62.566,2026-07-10 00:00:00,2952,3.88,0.331,10528,3.9,0.339,0.02,0.008
Spotify,8.9.92.408,2026-07-10 00:00:00,2952,3.88,0.331,10528,3.9,0.339,0.02,0.008
Spotify,9.1.64.1676,2026-07-10 00:00:00,2952,3.88,0.331,10528,3.9,0.339,0.02,0.008
Spotify,8.8.90.893,2026-07-28 00:00:00,10571,3.88,0.329,3539,3.91,0.337,0.03,0.008
Spotify,9.0.24.593,2026-07-28 00:00:00,10571,3.88,0.329,3539,3.91,0.337,0.03,0.008
YouTube Music,6.04.52,2026-04-25 00:00:00,2054,3.25,0.202,1989,3.21,0.21,-0.04,0.008
YouTube Music,6.18.52,2026-04-25 00:00:00,2054,3.25,0.202,1989,3.21,0.21,-0.04,0.008
Amazon Music,7.3.8,2026-02-28 00:00:00,1055,3.22,0.234,1056,3.32,0.243,0.1,0.009
Amazon Music,22.2.2,2026-04-28 00:00:00,1159,3.47,0.291,1140,3.55,0.3,0.08,0.009
JioSaavn,7.4,2026-07-17 00:00:00,4582,4.51,0.428,4689,4.51,0.437,0.0,0.009
JioSaavn,6.5,2026-07-17 00:00:00,4582,4.51,0.428,4689,4.51,0.437,0.0,0.009
JioSaavn,1.8.3,2026-07-22 00:00:00,4616,4.53,0.43,3637,4.5,0.439,-0.03,0.009
SoundCloud,2026.03.20-release,2026-03-23 00:00:00,390,4.06,0.322,415,3.99,0.331,-0.07,0.009
YouTube Music,4.57.52,2026-07-14 00:00:00,1396,3.51,0.265,1447,3.53,0.274,0.02,0.009
YouTube Music,5.17.51,2026-07-14 00:00:00,1396,3.51,0.265,1447,3.53,0.274,0.02,0.009
JioSaavn,9.16.2,2026-07-21 00:00:00,4617,4.54,0.429,3941,4.5,0.439,-0.04,0.01
JioSaavn,6.1.3,2026-07-21 00:00:00,4617,4.54,0.429,3941,4.5,0.439,-0.04,0.01
Spotify,6.0.0.864,2026-07-29 00:00:00,10530,3.88,0.329,2802,3.91,0.339,0.03,0.01
Spotify,8.9.32.624,2026-07-29 00:00:00,10530,3.88,0.329,2802,3.91,0.339,0.03,0.01
Spotify,9.1.70.1902,2026-07-29 00:00:00,10530,3.88,0.329,2802,3.91,0.339,0.03,0.01
Amazon Music,2.0.13,2026-06-24 00:00:00,1267,3.24,0.246,1589,3.3,0.257,0.06,0.011
Amazon Music,24.21.1,2026-06-24 00:00:00,1267,3.24,0.246,1589,3.3,0.257,0.06,0.011
Amazon Music,26.20.1,2026-06-24 00:00:00,1267,3.24,0.246,1589,3.3,0.257,0.06,0.011
JioSaavn,9.23.2,2026-07-25 00:00:00,4583,4.52,0.428,2646,4.49,0.439,-0.03,0.011
SoundCloud,2021.08.11-release,2025-03-12 00:00:00,705,4.07,0.334,630,4.13,0.345,0.06,0.011
SoundCloud,2023.07.31-release,2025-03-12 00:00:00,705,4.07,0.334,630,4.13,0.345,0.06,0.011
SoundCloud,2024.04.03-release,2025-03-12 00:00:00,705,4.07,0.334,630,4.13,0.345,0.06,0.011
SoundCloud,2026.05.07-release,2026-05-12 00:00:00,324,4.02,0.36,466,4.14,0.371,0.12,0.011
Spotify,8.7.64.478,2026-07-31 00:00:00,10448,3.89,0.33,1326,3.92,0.341,0.03,0.011
YouTube Music,8.41.40-WEAR_RELEASE,2026-05-24 00:00:00,1745,3.41,0.234,1560,3.45,0.245,0.04,0.011
SoundCloud,2020.06.08-release,2025-05-12 00:00:00,741,3.67,0.278,667,3.8,0.29,0.13,0.012
SoundCloud,2022.06.27-release,2025-07-20 00:00:00,599,3.94,0.306,528,3.99,0.318,0.05,0.012
SoundCloud,2020.04.13-release,2025-09-25 00:00:00,510,4.12,0.324,547,4.13,0.336,0.01,0.012
SoundCloud,2021.03.24-release,2026-04-07 00:00:00,419,3.98,0.332,460,4.07,0.344,0.09,0.012
SoundCloud,2026.05.15-release,2026-05-20 00:00:00,488,4.2,0.378,514,4.22,0.39,0.02,0.012
SoundCloud,2022.03.18-release,2026-07-05 00:00:00,474,4.2,0.345,493,4.13,0.357,-0.07,0.012
SoundCloud,2018.09.03-release,2026-07-05 00:00:00,474,4.2,0.345,493,4.13,0.357,-0.07,0.012
YouTube Music,8.49.52,2026-06-20 00:00:00,1689,3.47,0.236,1608,3.53,0.248,0.06,0.012
YouTube Music,9.24.40-WEAR_RELEASE,2026-06-20 00:00:00,1689,3.47,0.236,1608,3.53,0.248,0.06,0.012
JioSaavn,10.8,2026-07-24 00:00:00,4597,4.51,0.428,2971,4.5,0.441,-0.01,0.013
SoundCloud,2025.07.21-wear-release,2025-07-25 00:00:00,592,3.98,0.318,550,3.98,0.332,0.0,0.014
SoundCloud,2025.11.24-release,2025-11-25 00:00:00,497,4.07,0.334,510,4.15,0.348,0.08,0.014
SoundCloud,2026.01.27-release,2026-01-29 00:00:00,477,4.02,0.337,474,3.94,0.351,-0.08,0.014
YouTube Music,6.16.52,2026-05-11 00:00:00,1999,3.23,0.218,1720,3.42,0.232,0.19,0.014
SoundCloud,2023.03.03-release,2025-05-31 00:00:00,677,3.92,0.305,652,3.8,0.32,-0.12,0.015
SoundCloud,2020.01.20-release,2025-05-31 00:00:00,677,3.92,0.305,652,3.8,0.32,-0.12,0.015
SoundCloud,2021.11.23-release,2025-10-27 00:00:00,538,4.02,0.296,446,3.93,0.311,-0.09,0.015
SoundCloud,2026.02.20-release,2026-02-24 00:00:00,457,4.13,0.333,439,4.14,0.349,0.01,0.016
Amazon Music,23.3.3,2026-04-06 00:00:00,770,3.22,0.227,1054,3.28,0.244,0.06,0.017
Amazon Music,26.9.0,2026-04-06 00:00:00,770,3.22,0.227,1054,3.28,0.244,0.06,0.017
Amazon Music,7.8.5_307080510,2026-04-26 00:00:00,1131,3.44,0.282,1143,3.52,0.299,0.08,0.017
Amazon Music,7.4.4,2026-07-13 00:00:00,1630,3.2,0.237,1301,3.38,0.254,0.18,0.017
SoundCloud,2024.09.16-release,2025-03-09 00:00:00,691,4.06,0.336,645,4.17,0.353,0.11,0.017
SoundCloud,2025.05.13-release,2025-05-14 00:00:00,730,3.63,0.269,664,3.81,0.286,0.18,0.017
SoundCloud,2021.09.10-release,2025-06-21 00:00:00,619,3.88,0.326,565,4.01,0.343,0.13,0.017
SoundCloud,2022.06.07-release,2025-08-05 00:00:00,512,4.02,0.331,557,3.95,0.348,-0.07,0.017
SoundCloud,2023.03.28-release,2026-03-05 00:00:00,426,4.15,0.338,422,4.11,0.355,-0.04,0.017
Amazon Music,24.6.1,2026-03-01 00:00:00,1054,3.21,0.231,1057,3.32,0.249,0.11,0.018
Amazon Music,6.1.3,2026-03-01 00:00:00,1054,3.21,0.231,1057,3.32,0.249,0.11,0.018
Amazon Music,25.16.0,2025-12-10 00:00:00,107,3.83,0.299,1603,3.71,0.318,-0.12,0.019
Amazon Music,25.19.0,2025-12-10 00:00:00,107,3.83,0.299,1603,3.71,0.318,-0.12,0.019
Amazon Music,25.20.6,2025-12-10 00:00:00,107,3.83,0.299,1603,3.71,0.318,-0.12,0.019
Amazon Music,17.18.1,2025-12-10 00:00:00,107,3.83,0.299,1603,3.71,0.318,-0.12,0.019
Amazon Music,24.8.0,2025-12-10 00:00:00,107,3.83,0.299,1603,3.71,0.318,-0.12,0.019
Amazon Music,25.13.5,2025-12-10 00:00:00,107,3.83,0.299,1603,3.71,0.318,-0.12,0.019
Amazon Music,5.3.0,2025-12-10 00:00:00,107,3.83,0.299,1603,3.71,0.318,-0.12,0.019
Amazon Music,25.15.5,2025-12-10 00:00:00,107,3.83,0.299,1603,3.71,0.318,-0.12,0.019
SoundCloud,2023.10.27-release,2025-03-10 00:00:00,689,4.04,0.334,642,4.16,0.353,0.12,0.019
SoundCloud,2023.03.31-release,2025-03-10 00:00:00,689,4.04,0.334,642,4.16,0.353,0.12,0.019
SoundCloud,2020.10.13-release,2025-07-23 00:00:00,601,3.95,0.313,518,4.01,0.332,0.06,0.019
YouTube Music,8.36.52,2026-07-12 00:00:00,1381,3.49,0.259,1463,3.53,0.278,0.04,0.019
YouTube Music,5.10.52,2026-07-12 00:00:00,1381,3.49,0.259,1463,3.53,0.278,0.04,0.019
Amazon Music,25.19.7,2026-02-18 00:00:00,1084,3.21,0.221,1046,3.23,0.241,0.02,0.02
Amazon Music,24.3.1,2026-02-18 00:00:00,1084,3.21,0.221,1046,3.23,0.241,0.02,0.02
Amazon Music,25.14.0,2026-02-18 00:00:00,1084,3.21,0.221,1046,3.23,0.241,0.02,0.02
Amazon Music,1.8.33,2026-02-18 00:00:00,1084,3.21,0.221,1046,3.23,0.241,0.02,0.02
Amazon Music,26.4.1,2026-02-18 00:00:00,1084,3.21,0.221,1046,3.23,0.241,0.02,0.02
YouTube Music,6.06.52,2026-05-23 00:00:00,1786,3.39,0.231,1557,3.48,0.251,0.09,0.02
YouTube Music,4.29.50,2026-05-23 00:00:00,1786,3.39,0.231,1557,3.48,0.251,0.09,0.02
YouTube Music,7.10.51,2026-05-23 00:00:00,1786,3.39,0.231,1557,3.48,0.251,0.09,0.02
YouTube Music,9.26.55,2026-07-09 00:00:00,1474,3.49,0.259,1464,3.56,0.279,0.07,0.02
YouTube Music,9.26.54,2026-07-09 00:00:00,1474,3.49,0.259,1464,3.56,0.279,0.07,0.02
Amazon Music,4.2.1,2026-03-13 00:00:00,1073,3.3,0.232,935,3.35,0.253,0.05,0.021
Amazon Music,15.21.10,2026-04-05 00:00:00,778,3.22,0.221,1014,3.26,0.242,0.04,0.021
Amazon Music,17.4.2,2026-04-08 00:00:00,757,3.2,0.227,1085,3.33,0.248,0.13,0.021
SoundCloud,2024.05.22-release,2025-05-13 00:00:00,731,3.65,0.272,671,3.81,0.293,0.16,0.021
SoundCloud,14.12.18-43,2025-07-26 00:00:00,605,3.99,0.319,536,4.0,0.34,0.01,0.021
YouTube Music,7.07.51,2026-05-09 00:00:00,1989,3.21,0.21,1786,3.39,0.231,0.18,0.021
YouTube Music,9.07.52,2026-05-13 00:00:00,1997,3.22,0.216,1688,3.43,0.237,0.21,0.021
Amazon Music,22.2.3,2026-04-07 00:00:00,764,3.21,0.227,1070,3.31,0.249,0.1,0.022
Amazon Music,23.14.2,2026-04-07 00:00:00,764,3.21,0.227,1070,3.31,0.249,0.1,0.022
Amazon Music,26.18.0,2026-06-09 00:00:00,1208,2.97,0.213,1246,3.23,0.235,0.26,0.022
SoundCloud,2025.10.20-release,2025-10-21 00:00:00,526,4.07,0.282,467,3.93,0.304,-0.14,0.022
Amazon Music,23.4.0,2026-03-03 00:00:00,1038,3.22,0.233,1054,3.38,0.256,0.16,0.023
Amazon Music,3.0.6,2026-03-03 00:00:00,1038,3.22,0.233,1054,3.38,0.256,0.16,0.023
SoundCloud,2026.04.01-release,2026-04-08 00:00:00,416,4.01,0.324,451,4.02,0.347,0.01,0.023
YouTube Music,4.03.51,2026-05-22 00:00:00,1807,3.38,0.231,1566,3.48,0.254,0.1,0.023
Amazon Music,26.5.0,2026-03-02 00:00:00,1039,3.22,0.23,1069,3.35,0.254,0.13,0.024
YouTube Music,4.02.51,2026-05-01 00:00:00,2052,3.15,0.189,1931,3.28,0.213,0.13,0.024
YouTube Music,6.13.52,2026-05-01 00:00:00,2052,3.15,0.189,1931,3.28,0.213,0.13,0.024
YouTube Music,5.36.51,2026-05-01 00:00:00,2052,3.15,0.189,1931,3.28,0.213,0.13,0.024
YouTube Music,8.31.53,2026-05-01 00:00:00,2052,3.15,0.189,1931,3.28,0.213,0.13,0.024
YouTube Music,3.43.52,2026-05-01 00:00:00,2052,3.15,0.189,1931,3.28,0.213,0.13,0.024
Amazon Music,26.23.0,2026-07-14 00:00:00,1617,3.19,0.233,1304,3.39,0.258,0.2,0.025
SoundCloud,2022.04.07-release,2025-07-28 00:00:00,582,4.01,0.319,553,4.0,0.344,-0.01,0.025
SoundCloud,2023.09.04-release,2025-07-28 00:00:00,582,4.01,0.319,553,4.0,0.344,-0.01,0.025
YouTube Music,9.06.41-WEAR_RELEASE,2026-04-27 00:00:00,2030,3.21,0.193,1999,3.23,0.218,0.02,0.025
YouTube Music,9.16.52,2026-04-30 00:00:00,2078,3.17,0.191,1959,3.25,0.216,0.08,0.025
YouTube Music,6.08.50,2026-04-30 00:00:00,2078,3.17,0.191,1959,3.25,0.216,0.08,0.025
YouTube Music,5.23.50,2026-04-30 00:00:00,2078,3.17,0.191,1959,3.25,0.216,0.08,0.025
YouTube Music,9.17.51,2026-04-30 00:00:00,2078,3.17,0.191,1959,3.25,0.216,0.08,0.025
YouTube Music,7.17.51,2026-05-26 00:00:00,1716,3.4,0.227,1552,3.49,0.252,0.09,0.025
YouTube Music,6.42.53,2026-05-26 00:00:00,1716,3.4,0.227,1552,3.49,0.252,0.09,0.025
YouTube Music,7.21.50,2026-04-28 00:00:00,2019,3.21,0.195,2008,3.24,0.221,0.03,0.026
YouTube Music,8.10.52,2026-04-28 00:00:00,2019,3.21,0.195,2008,3.24,0.221,0.03,0.026
YouTube Music,7.33.51,2026-04-28 00:00:00,2019,3.21,0.195,2008,3.24,0.221,0.03,0.026
YouTube Music,7.03.52,2026-04-28 00:00:00,2019,3.21,0.195,2008,3.24,0.221,0.03,0.026
YouTube Music,4.46.50,2026-05-10 00:00:00,1985,3.21,0.208,1745,3.41,0.234,0.2,0.026
SoundCloud,2026.01.30-release,2026-02-02 00:00:00,462,3.99,0.341,485,4.02,0.368,0.03,0.027
YouTube Music,6.44.52,2026-05-14 00:00:00,1959,3.25,0.216,1670,3.43,0.243,0.18,0.027
YouTube Music,9.18.51,2026-05-14 00:00:00,1959,3.25,0.216,1670,3.43,0.243,0.18,0.027
YouTube Music,9.19.50,2026-05-14 00:00:00,1959,3.25,0.216,1670,3.43,0.243,0.18,0.027
SoundCloud,2017.02.22-release,2025-05-20 00:00:00,629,3.75,0.29,673,3.91,0.318,0.16,0.028
SoundCloud,2024.09.05-release,2025-05-20 00:00:00,629,3.75,0.29,673,3.91,0.318,0.16,0.028
SoundCloud,2025.05.19-release,2025-05-20 00:00:00,629,3.75,0.29,673,3.91,0.318,0.16,0.028
YouTube Music,9.17.54,2026-05-08 00:00:00,2028,3.17,0.203,1807,3.38,0.231,0.21,0.028
YouTube Music,9.17.52,2026-05-08 00:00:00,2028,3.17,0.203,1807,3.38,0.231,0.21,0.028
YouTube Music,9.17.55,2026-05-08 00:00:00,2028,3.17,0.203,1807,3.38,0.231,0.21,0.028
YouTube Music,9.18.50,2026-05-08 00:00:00,2028,3.17,0.203,1807,3.38,0.231,0.21,0.028
SoundCloud,2020.07.15-release,2025-04-19 00:00:00,628,4.07,0.323,691,3.98,0.352,-0.09,0.029
SoundCloud,2021.07.19-release,2026-04-05 00:00:00,415,3.97,0.321,453,4.12,0.35,0.15,0.029
YouTube Music,5.42.50,2026-06-25 00:00:00,1762,3.49,0.23,1474,3.49,0.259,0.0,0.029
SoundCloud,2025.06.13-release,2025-06-17 00:00:00,649,3.78,0.303,581,4.02,0.333,0.24,0.03
YouTube Music,4.47.54,2026-07-08 00:00:00,1463,3.47,0.25,1475,3.58,0.281,0.11,0.031
Amazon Music,25.3.1,2025-12-20 00:00:00,1239,3.69,0.312,1570,3.78,0.344,0.09,0.032
Amazon Music,25.17.5,2025-12-20 00:00:00,1239,3.69,0.312,1570,3.78,0.344,0.09,0.032
Amazon Music,25.21.0,2025-12-20 00:00:00,1239,3.69,0.312,1570,3.78,0.344,0.09,0.032
Amazon Music,25.4.2,2025-12-20 00:00:00,1239,3.69,0.312,1570,3.78,0.344,0.09,0.032
Amazon Music,26.11.2,2026-04-24 00:00:00,1098,3.39,0.265,1133,3.52,0.297,0.13,0.032
SoundCloud,2021.05.10-release,2025-08-02 00:00:00,528,3.97,0.318,570,3.96,0.35,-0.01,0.032
YouTube Music,5.05.52,2026-06-30 00:00:00,1731,3.49,0.233,1396,3.51,0.265,0.02,0.032
Amazon Music,24.14.1,2026-02-20 00:00:00,1085,3.24,0.219,1035,3.22,0.252,-0.02,0.033
SoundCloud,2024.07.01-release,2025-04-12 00:00:00,651,4.09,0.322,609,4.12,0.355,0.03,0.033
YouTube Music,3.88.51,2026-07-10 00:00:00,1435,3.46,0.249,1467,3.56,0.282,0.1,0.033
Amazon Music,26.11.1,2026-04-23 00:00:00,1086,3.35,0.259,1115,3.47,0.293,0.12,0.034
SoundCloud,2019.04.16-release,2025-04-13 00:00:00,658,4.1,0.319,614,4.1,0.353,0.0,0.034
SoundCloud,2026.03.27-release,2026-03-30 00:00:00,373,4.0,0.315,468,4.09,0.349,0.09,0.034
SoundCloud,2024.06.25-beta,2025-04-15 00:00:00,635,4.08,0.327,635,4.11,0.362,0.03,0.035
YouTube Music,4.41.51,2026-05-06 00:00:00,2031,3.14,0.192,1838,3.35,0.227,0.21,0.035
YouTube Music,6.44.54,2026-05-06 00:00:00,2031,3.14,0.192,1838,3.35,0.227,0.21,0.035
YouTube Music,6.50.52,2026-05-06 00:00:00,2031,3.14,0.192,1838,3.35,0.227,0.21,0.035
YouTube Music,9.20.52,2026-05-20 00:00:00,1838,3.35,0.227,1559,3.48,0.262,0.13,0.035
YouTube Music,5.25.51,2026-05-20 00:00:00,1838,3.35,0.227,1559,3.48,0.262,0.13,0.035
YouTube Music,9.20.40-WEAR_RELEASE,2026-05-20 00:00:00,1838,3.35,0.227,1559,3.48,0.262,0.13,0.035
YouTube Music,5.43.55,2026-07-03 00:00:00,1665,3.51,0.238,1418,3.51,0.273,0.0,0.035
YouTube Music,9.26.41-WEAR_RELEASE,2026-07-03 00:00:00,1665,3.51,0.238,1418,3.51,0.273,0.0,0.035
YouTube Music,7.12.51,2026-07-03 00:00:00,1665,3.51,0.238,1418,3.51,0.273,0.0,0.035
Amazon Music,24.4.1,2025-12-19 00:00:00,1106,3.69,0.307,1580,3.78,0.343,0.09,0.036
Amazon Music,24.9.0,2025-12-19 00:00:00,1106,3.69,0.307,1580,3.78,0.343,0.09,0.036
SoundCloud,2021.02.01-beta,2025-05-17 00:00:00,679,3.65,0.269,677,3.92,0.305,0.27,0.036
SoundCloud,2017.05.08-release,2025-05-25 00:00:00,663,3.79,0.288,668,3.9,0.324,0.11,0.036
SoundCloud,2022.02.28-release,2025-05-25 00:00:00,663,3.79,0.288,668,3.9,0.324,0.11,0.036
SoundCloud,2025.07.24-release,2025-07-30 00:00:00,561,3.98,0.311,551,3.97,0.347,-0.01,0.036
SoundCloud,2017.04.07-release,2025-07-29 00:00:00,578,4.01,0.308,545,3.97,0.346,-0.04,0.038
SoundCloud,2023.09.29-release,2025-08-04 00:00:00,516,3.97,0.319,552,3.98,0.357,0.01,0.038
SoundCloud,2025.07.31-release,2025-08-04 00:00:00,516,3.97,0.319,552,3.98,0.357,0.01,0.038
YouTube Music,8.45.52,2026-05-05 00:00:00,2033,3.14,0.187,1885,3.34,0.225,0.2,0.038
YouTube Music,8.37.40-WEAR_RELEASE,2026-05-05 00:00:00,2033,3.14,0.187,1885,3.34,0.225,0.2,0.038
SoundCloud,2020.11.02-release,2026-01-31 00:00:00,459,3.94,0.327,488,4.01,0.366,0.07,0.039
YouTube Music,4.33.51,2026-05-04 00:00:00,2059,3.12,0.186,1868,3.33,0.225,0.21,0.039
YouTube Music,8.49.41-WEAR_RELEASE,2026-05-04 00:00:00,2059,3.12,0.186,1868,3.33,0.225,0.21,0.039
YouTube Music,9.17.40-WEAR_RELEASE,2026-05-04 00:00:00,2059,3.12,0.186,1868,3.33,0.225,0.21,0.039
YouTube Music,4.15.50,2026-05-04 00:00:00,2059,3.12,0.186,1868,3.33,0.225,0.21,0.039
YouTube Music,9.25.51,2026-07-02 00:00:00,1695,3.51,0.235,1399,3.52,0.274,0.01,0.039
YouTube Music,9.26.51,2026-07-02 00:00:00,1695,3.51,0.235,1399,3.52,0.274,0.01,0.039
SoundCloud,2021.12.06-release,2025-08-01 00:00:00,547,3.98,0.324,568,4.0,0.364,0.02,0.04
YouTube Music,9.19.40-WEAR_RELEASE,2026-05-15 00:00:00,1931,3.28,0.213,1668,3.44,0.253,0.16,0.04
Amazon Music,25.6.0,2025-12-21 00:00:00,1349,3.7,0.309,1561,3.77,0.35,0.07,0.041
Amazon Music,24.13.0,2025-12-21 00:00:00,1349,3.7,0.309,1561,3.77,0.35,0.07,0.041
Amazon Music,22.15.1,2026-04-21 00:00:00,1070,3.31,0.249,1139,3.46,0.29,0.15,0.041
SoundCloud,2021.05.21-release,2025-05-21 00:00:00,636,3.75,0.287,670,3.94,0.328,0.19,0.041
SoundCloud,2022.11.10-release,2025-05-22 00:00:00,646,3.73,0.281,678,3.95,0.322,0.22,0.041
YouTube Music,9.19.51,2026-05-19 00:00:00,1885,3.34,0.225,1578,3.47,0.266,0.13,0.041
Amazon Music,25.18.7,2026-06-22 00:00:00,1239,3.18,0.222,1541,3.31,0.265,0.13,0.043
Amazon Music,26.20.0,2026-06-22 00:00:00,1239,3.18,0.222,1541,3.31,0.265,0.13,0.043
Amazon Music,23.10.0,2025-12-18 00:00:00,986,3.67,0.298,1610,3.76,0.342,0.09,0.044
Amazon Music,24.23.2,2025-12-18 00:00:00,986,3.67,0.298,1610,3.76,0.342,0.09,0.044
YouTube Music,5.32.50,2026-05-17 00:00:00,1881,3.26,0.214,1642,3.49,0.259,0.23,0.045
YouTube Music,6.31.55,2026-05-17 00:00:00,1881,3.26,0.214,1642,3.49,0.259,0.23,0.045
YouTube Music,9.07.40-WEAR_RELEASE,2026-05-17 00:00:00,1881,3.26,0.214,1642,3.49,0.259,0.23,0.045
YouTube Music,4.40.50,2026-05-17 00:00:00,1881,3.26,0.214,1642,3.49,0.259,0.23,0.045
SoundCloud,2023.02.16-release,2025-04-14 00:00:00,650,4.09,0.318,616,4.11,0.364,0.02,0.046
YouTube Music,8.47.55,2026-05-16 00:00:00,1885,3.26,0.212,1656,3.48,0.258,0.22,0.046
YouTube Music,5.53.50,2026-05-16 00:00:00,1885,3.26,0.212,1656,3.48,0.258,0.22,0.046
SoundCloud,2026.04.27-release,2026-04-29 00:00:00,285,3.75,0.316,340,4.05,0.363,0.3,0.047
Amazon Music,26.11.0,2026-04-20 00:00:00,1054,3.28,0.244,1165,3.48,0.293,0.2,0.049
Amazon Music,23.15.1,2026-06-20 00:00:00,1223,3.15,0.217,1479,3.32,0.266,0.17,0.049
SoundCloud,2023.05.22-release,2025-11-08 00:00:00,444,3.86,0.292,483,4.13,0.342,0.27,0.05
Amazon Music,25.20.0,2025-12-11 00:00:00,237,3.65,0.274,1581,3.72,0.325,0.07,0.051
Amazon Music,24.1.5,2025-12-11 00:00:00,237,3.65,0.274,1581,3.72,0.325,0.07,0.051
Amazon Music,25.23.5,2025-12-11 00:00:00,237,3.65,0.274,1581,3.72,0.325,0.07,0.051
Amazon Music,16.18.0,2026-07-31 00:00:00,1400,3.54,0.288,231,3.87,0.339,0.33,0.051
Amazon Music,22.6.6,2026-07-31 00:00:00,1400,3.54,0.288,231,3.87,0.339,0.33,0.051
Amazon Music,17.12.1,2026-04-18 00:00:00,994,3.23,0.239,1164,3.5,0.291,0.27,0.052
Amazon Music,25.14.6,2026-04-18 00:00:00,994,3.23,0.239,1164,3.5,0.291,0.27,0.052
SoundCloud,2023.04.25-release,2025-11-07 00:00:00,452,3.84,0.287,482,4.15,0.339,0.31,0.052
Amazon Music,25.15.0,2025-12-12 00:00:00,323,3.61,0.277,1602,3.75,0.33,0.14,0.053
Amazon Music,24.11.1,2025-12-12 00:00:00,323,3.61,0.277,1602,3.75,0.33,0.14,0.053
Amazon Music,25.11.1,2025-12-12 00:00:00,323,3.61,0.277,1602,3.75,0.33,0.14,0.053
Amazon Music,24.18.2,2025-12-12 00:00:00,323,3.61,0.277,1602,3.75,0.33,0.14,0.053
Amazon Music,24.2.0,2025-12-12 00:00:00,323,3.61,0.277,1602,3.75,0.33,0.14,0.053
Amazon Music,23.5.0,2025-12-12 00:00:00,323,3.61,0.277,1602,3.75,0.33,0.14,0.053
Amazon Music,24.16.3,2025-12-12 00:00:00,323,3.61,0.277,1602,3.75,0.33,0.14,0.053
Amazon Music,24.19.1,2026-04-19 00:00:00,1014,3.26,0.242,1171,3.49,0.295,0.23,0.053
SoundCloud,2025.09.12-release,2025-09-16 00:00:00,523,4.02,0.285,506,4.08,0.338,0.06,0.053
Amazon Music,23.13.1,2025-12-17 00:00:00,864,3.64,0.286,1614,3.76,0.342,0.12,0.056
Amazon Music,24.4.0,2025-12-17 00:00:00,864,3.64,0.286,1614,3.76,0.342,0.12,0.056
Amazon Music,22.15.0,2025-12-17 00:00:00,864,3.64,0.286,1614,3.76,0.342,0.12,0.056
Amazon Music,23.7.2,2025-12-17 00:00:00,864,3.64,0.286,1614,3.76,0.342,0.12,0.056
Amazon Music,17.2.4,2025-12-17 00:00:00,864,3.64,0.286,1614,3.76,0.342,0.12,0.056
Amazon Music,26.19.1,2026-06-18 00:00:00,1226,3.09,0.215,1431,3.38,0.271,0.29,0.056
SoundCloud,2025.05.27-release,2025-05-29 00:00:00,672,3.81,0.281,658,3.9,0.338,0.09,0.057
SoundCloud,2021.05.18-release,2025-05-29 00:00:00,672,3.81,0.281,658,3.9,0.338,0.09,0.057
SoundCloud,2025.10.30-release,2025-11-06 00:00:00,463,3.86,0.286,478,4.14,0.345,0.28,0.059
Amazon Music,16.10.3,2025-12-16 00:00:00,759,3.63,0.282,1614,3.76,0.342,0.13,0.06
Amazon Music,23.12.6,2025-12-16 00:00:00,759,3.63,0.282,1614,3.76,0.342,0.13,0.06
Amazon Music,16.5.4,2026-06-13 00:00:00,1239,2.94,0.203,1349,3.32,0.263,0.38,0.06
SoundCloud,2025.04.03-release,2025-04-11 00:00:00,657,4.04,0.31,611,4.15,0.37,0.11,0.06
Amazon Music,25.17.2,2025-12-14 00:00:00,546,3.61,0.277,1606,3.76,0.338,0.15,0.061
Amazon Music,17.14.1,2025-12-14 00:00:00,546,3.61,0.277,1606,3.76,0.338,0.15,0.061
Amazon Music,24.14.0,2025-12-14 00:00:00,546,3.61,0.277,1606,3.76,0.338,0.15,0.061
Amazon Music,23.12.0,2025-12-14 00:00:00,546,3.61,0.277,1606,3.76,0.338,0.15,0.061
SoundCloud,2022.03.04-release,2025-04-10 00:00:00,651,4.07,0.312,621,4.11,0.373,0.04,0.061
Amazon Music,22.11.2,2025-12-15 00:00:00,657,3.61,0.274,1604,3.75,0.337,0.14,0.063
Amazon Music,24.17.2,2025-12-15 00:00:00,657,3.61,0.274,1604,3.75,0.337,0.14,0.063
Amazon Music,5.4.2,2026-07-20 00:00:00,1475,3.24,0.234,1359,3.61,0.298,0.37,0.064
Amazon Music,26.24.0,2026-07-20 00:00:00,1475,3.24,0.234,1359,3.61,0.298,0.37,0.064
Amazon Music,25.8.0,2026-07-21 00:00:00,1431,3.24,0.237,1284,3.63,0.301,0.39,0.064
Amazon Music,15.17.2,2026-07-19 00:00:00,1505,3.22,0.231,1453,3.6,0.298,0.38,0.067
SoundCloud,2021.08.24-release,2025-12-19 00:00:00,599,3.91,0.281,513,4.05,0.349,0.14,0.068
SoundCloud,2023.01.16-release,2025-12-19 00:00:00,599,3.91,0.281,513,4.05,0.349,0.14,0.068
Amazon Music,26.19.0,2026-06-15 00:00:00,1304,2.93,0.197,1363,3.34,0.266,0.41,0.069
SoundCloud,2022.04.01-release,2025-12-30 00:00:00,505,4.01,0.327,499,4.19,0.396,0.18,0.069
Amazon Music,25.18.0,2025-12-13 00:00:00,415,3.6,0.269,1623,3.77,0.339,0.17,0.07
Amazon Music,23.13.2,2025-12-13 00:00:00,415,3.6,0.269,1623,3.77,0.339,0.17,0.07
Amazon Music,25.7.0,2025-12-13 00:00:00,415,3.6,0.269,1623,3.77,0.339,0.17,0.07
Amazon Music,25.5.0,2025-12-13 00:00:00,415,3.6,0.269,1623,3.77,0.339,0.17,0.07
Amazon Music,25.22.0,2025-12-13 00:00:00,415,3.6,0.269,1623,3.77,0.339,0.17,0.07
Amazon Music,15.20.1,2025-12-13 00:00:00,415,3.6,0.269,1623,3.77,0.339,0.17,0.07
Amazon Music,25.1.3,2026-04-16 00:00:00,913,3.19,0.226,1156,3.53,0.298,0.34,0.072
Amazon Music,24.12.0,2026-07-28 00:00:00,1304,3.39,0.258,619,3.81,0.33,0.42,0.072
Amazon Music,16.8.2,2026-04-15 00:00:00,894,3.18,0.224,1162,3.52,0.297,0.34,0.073
SoundCloud,2023.10.02-release,2025-05-23 00:00:00,654,3.69,0.264,662,3.95,0.337,0.26,0.073
SoundCloud,2025.09.18-release,2025-09-22 00:00:00,507,4.11,0.289,562,4.1,0.363,-0.01,0.074
Amazon Music,26.10.0,2026-04-13 00:00:00,861,3.2,0.216,1146,3.47,0.291,0.27,0.075
Amazon Music,22.10.1,2026-04-14 00:00:00,864,3.2,0.215,1159,3.47,0.291,0.27,0.076
SoundCloud,2016.01.19-release,2025-09-20 00:00:00,500,4.02,0.279,542,4.12,0.355,0.1,0.076
Amazon Music,16.2.5,2026-07-23 00:00:00,1368,3.23,0.231,1103,3.7,0.308,0.47,0.077
Amazon Music,26.25.0,2026-07-24 00:00:00,1329,3.27,0.235,1013,3.72,0.314,0.45,0.079
SoundCloud,2021.06.29-release,2025-12-23 00:00:00,568,3.87,0.274,510,4.09,0.375,0.22,0.101
SoundCloud,2026.04.30-release,2026-05-05 00:00:00,176,3.46,0.262,482,4.18,0.376,0.72,0.114
Spotify,9.1.52.1388,2026-07-06 00:00:00,19,3.79,0.212,10597,3.88,0.337,0.09,0.125
Spotify,9.0.74.1121,2026-07-06 00:00:00,19,3.79,0.212,10597,3.88,0.337,0.09,0.125
Spotify,8.8.92.700,2026-07-06 00:00:00,19,3.79,0.212,10597,3.88,0.337,0.09,0.125
Spotify,9.0.90.1229,2026-07-06 00:00:00,19,3.79,0.212,10597,3.88,0.337,0.09,0.125
Spotify,9.0.36.697,2026-07-06 00:00:00,19,3.79,0.212,10597,3.88,0.337,0.09,0.125
Spotify,8.9.76.538,2026-07-06 00:00:00,19,3.79,0.212,10597,3.88,0.337,0.09,0.125
Spotify,9.1.52.1394,2026-07-06 00:00:00,19,3.79,0.212,10597,3.88,0.337,0.09,0.125
Spotify,9.1.4.1171,2026-07-06 00:00:00,19,3.79,0.212,10597,3.88,0.337,0.09,0.125
Spotify,9.1.0.1147,2026-07-06 00:00:00,19,3.79,0.212,10597,3.88,0.337,0.09,0.125
Spotify,9.0.60.614,2026-07-06 00:00:00,19,3.79,0.212,10597,3.88,0.337,0.09,0.125
Spotify,8.9.4.304,2026-07-06 00:00:00,19,3.79,0.212,10597,3.88,0.337,0.09,0.125
Spotify,9.1.42.2058,2026-07-06 00:00:00,19,3.79,0.212,10597,3.88,0.337,0.09,0.125
Spotify,9.1.34.2060,2026-07-06 00:00:00,19,3.79,0.212,10597,3.88,0.337,0.09,0.125
Spotify,9.1.56.574,2026-07-06 00:00:00,19,3.79,0.212,10597,3.88,0.337,0.09,0.125
Spotify,9.1.58.1567,2026-07-06 00:00:00,19,3.79,0.212,10597,3.88,0.337,0.09,0.125
Spotify,9.1.44.2120,2026-07-06 00:00:00,19,3.79,0.212,10597,3.88,0.337,0.09,0.125
Spotify,9.1.40.1486,2026-07-06 00:00:00,19,3.79,0.212,10597,3.88,0.337,0.09,0.125
Spotify,8.8.6.472,2026-07-06 00:00:00,19,3.79,0.212,10597,3.88,0.337,0.09,0.125
Spotify,9.1.24.1739,2026-07-06 00:00:00,19,3.79,0.212,10597,3.88,0.337,0.09,0.125
Spotify,9.1.6.1139,2026-07-06 00:00:00,19,3.79,0.212,10597,3.88,0.337,0.09,0.125
Spotify,9.0.56.591,2026-07-06 00:00:00,19,3.79,0.212,10597,3.88,0.337,0.09,0.125
Spotify,8.7.8.1206,2026-07-06 00:00:00,19,3.79,0.212,10597,3.88,0.337,0.09,0.125
Spotify,8.7.2.1205,2026-07-06 00:00:00,19,3.79,0.212,10597,3.88,0.337,0.09,0.125
Spotify,9.1.22.1630,2026-07-06 00:00:00,19,3.79,0.212,10597,3.88,0.337,0.09,0.125
Spotify,9.0.94.274,2026-07-06 00:00:00,19,3.79,0.212,10597,3.88,0.337,0.09,0.125
Spotify,9.0.48.380,2026-07-06 00:00:00,19,3.79,0.212,10597,3.88,0.337,0.09,0.125
